{
    "name": "/mnt/task_runtime/dcnlp/eval/heavy",
    "uuid": "a0b9927e-9951-4477-a470-a0cf2bd64e7d",
    "model": "d=1024_l=24_h=8",
    "creation_date": "2024_02_12-14_52_08",
    "eval_metrics": {
        "icl": {
            "agi_eval_lsat_ar": 0.239130437374115,
            "agi_eval_lsat_rc": 0.24253731966018677,
            "agi_eval_lsat_lr": 0.29019609093666077,
            "agi_eval_sat_en": 0.23786407709121704,
            "arc_easy": 0.39099326729774475,
            "arc_challenge": 0.21928328275680542,
            "bbq": 0.4624849557876587,
            "bigbench_conceptual_combinations": 0.21359223127365112,
            "bigbench_conlang_translation": 0.012195121496915817,
            "bigbench_cs_algorithms": 0.4022727310657501,
            "bigbench_dyck_languages": 0.13600000739097595,
            "bigbench_elementary_math_qa": 0.24837526679039001,
            "bigbench_misconceptions": 0.49771690368652344,
            "bigbench_language_identification": 0.25600001215934753,
            "bigbench_logical_deduction": 0.23466666042804718,
            "bigbench_novel_concepts": 0.4375,
            "bigbench_operators": 0.1190476194024086,
            "bigbench_repeat_copy_logic": 0.0,
            "bigbench_qa_wikidata": 0.288814514875412,
            "bigbench_strange_stories": 0.4655172526836395,
            "bigbench_strategy_qa": 0.5146352052688599,
            "bigbench_understanding_fables": 0.28042328357696533,
            "boolq": 0.6000000238418579,
            "commonsense_qa": 0.22358722984790802,
            "copa": 0.5600000023841858,
            "coqa": 0.1047225371003151,
            "enterprise_pii_classification": 0.4927835166454315,
            "hellaswag": 0.31428003311157227,
            "hellaswag_zeroshot": 0.3152758479118347,
            "jeopardy": 0.0023969837930053473,
            "lambada_openai": 0.2998253405094147,
            "logi_qa": 0.22887864708900452,
            "math_qa": 0.2541066110134125,
            "mmlu": 0.23919217183924557,
            "mmlu_zeroshot": 0.23157964071683718,
            "openbook_qa": 0.27399998903274536,
            "piqa": 0.6447225213050842,
            "pubmed_qa_labeled": 0.5540000200271606,
            "simple_arithmetic_nospaces": 0.004999999888241291,
            "simple_arithmetic_withspaces": 0.003000000026077032,
            "siqa": 0.48413512110710144,
            "squad": 0.019583728164434433,
            "winogender_mc_female": 0.5,
            "winogender_mc_male": 0.5166666507720947,
            "winograd": 0.593406617641449,
            "winogrande": 0.49723756313323975
        }
    }
}