{
    "name": "/mnt/task_runtime/dcnlp/eval/heavy",
    "uuid": "387d7b6c-cbf4-46ab-a435-7b0cbcb880b9",
    "model": "d=576_l=24_h=8",
    "creation_date": "2024_01_29-21_27_08",
    "eval_metrics": {
        "icl": {
            "agi_eval_lsat_ar": 0.19130434095859528,
            "agi_eval_lsat_rc": 0.2761194109916687,
            "agi_eval_lsat_lr": 0.2705882489681244,
            "agi_eval_sat_en": 0.27184465527534485,
            "arc_easy": 0.38678452372550964,
            "arc_challenge": 0.23720136284828186,
            "bbq": 0.4444597228006883,
            "bigbench_conceptual_combinations": 0.291262149810791,
            "bigbench_conlang_translation": 0.0,
            "bigbench_cs_algorithms": 0.4227272868156433,
            "bigbench_dyck_languages": 0.09600000083446503,
            "bigbench_elementary_math_qa": 0.2692086100578308,
            "bigbench_misconceptions": 0.465753436088562,
            "bigbench_language_identification": 0.25619998574256897,
            "bigbench_logical_deduction": 0.2446666657924652,
            "bigbench_novel_concepts": 0.4375,
            "bigbench_operators": 0.10000000149011612,
            "bigbench_repeat_copy_logic": 0.0,
            "bigbench_qa_wikidata": 0.3253777027130127,
            "bigbench_strange_stories": 0.4482758641242981,
            "bigbench_strategy_qa": 0.503276526927948,
            "bigbench_understanding_fables": 0.30687829852104187,
            "boolq": 0.5880733728408813,
            "commonsense_qa": 0.24406224489212036,
            "copa": 0.550000011920929,
            "coqa": 0.06238256394863129,
            "enterprise_pii_classification": 0.5033873319625854,
            "hellaswag": 0.31786495447158813,
            "hellaswag_zeroshot": 0.31587332487106323,
            "jeopardy": 0.0,
            "lambada_openai": 0.2699398398399353,
            "logi_qa": 0.24423962831497192,
            "math_qa": 0.2504190504550934,
            "mmlu": 0.23703062495118693,
            "mmlu_zeroshot": 0.2314594989283043,
            "openbook_qa": 0.2840000092983246,
            "piqa": 0.6550598740577698,
            "pubmed_qa_labeled": 0.5189999938011169,
            "simple_arithmetic_nospaces": 0.0,
            "simple_arithmetic_withspaces": 0.0020000000949949026,
            "siqa": 0.48567041754722595,
            "squad": 0.006811731494963169,
            "winogender_mc_female": 0.4333333373069763,
            "winogender_mc_male": 0.5166666507720947,
            "winograd": 0.5714285969734192,
            "winogrande": 0.49250197410583496
        }
    }
}