{
    "name": "/mnt/task_runtime/dcnlp/eval/heavy",
    "uuid": "e993e942-f180-48e2-8004-72f9119abbd6",
    "model": "d=512_l=8_h=4",
    "creation_date": "2024_01_29-23_32_27",
    "eval_metrics": {
        "icl": {
            "agi_eval_lsat_ar": 0.19130434095859528,
            "agi_eval_lsat_rc": 0.2723880708217621,
            "agi_eval_lsat_lr": 0.2803921699523926,
            "agi_eval_sat_en": 0.29611650109291077,
            "arc_easy": 0.3543770909309387,
            "arc_challenge": 0.23549488186836243,
            "bbq": 0.4058376469395377,
            "bigbench_conceptual_combinations": 0.2330097109079361,
            "bigbench_conlang_translation": 0.012195121496915817,
            "bigbench_cs_algorithms": 0.41818180680274963,
            "bigbench_dyck_languages": 0.11500000208616257,
            "bigbench_elementary_math_qa": 0.2604559659957886,
            "bigbench_misconceptions": 0.465753436088562,
            "bigbench_language_identification": 0.251800000667572,
            "bigbench_logical_deduction": 0.24400000274181366,
            "bigbench_novel_concepts": 0.4375,
            "bigbench_operators": 0.08095238357782364,
            "bigbench_repeat_copy_logic": 0.0,
            "bigbench_qa_wikidata": 0.17632006108760834,
            "bigbench_strange_stories": 0.4655172526836395,
            "bigbench_strategy_qa": 0.49104413390159607,
            "bigbench_understanding_fables": 0.29100528359413147,
            "boolq": 0.5186544060707092,
            "commonsense_qa": 0.24815724790096283,
            "copa": 0.5,
            "coqa": 0.04534636065363884,
            "enterprise_pii_classification": 0.5104565620422363,
            "hellaswag": 0.2969527840614319,
            "hellaswag_zeroshot": 0.29316869378089905,
            "jeopardy": 0.0,
            "lambada_openai": 0.21754318475723267,
            "logi_qa": 0.20276497304439545,
            "math_qa": 0.25511229038238525,
            "mmlu": 0.23737018124053352,
            "mmlu_zeroshot": 0.2305518278950139,
            "openbook_qa": 0.27399998903274536,
            "piqa": 0.6289445161819458,
            "pubmed_qa_labeled": 0.4129999876022339,
            "simple_arithmetic_nospaces": 0.004999999888241291,
            "simple_arithmetic_withspaces": 0.0,
            "siqa": 0.48669394850730896,
            "squad": 0.00397351011633873,
            "winogender_mc_female": 0.46666666865348816,
            "winogender_mc_male": 0.4166666567325592,
            "winograd": 0.5457875728607178,
            "winogrande": 0.5114443302154541
        }
    }
}