{
    "name": "/mnt/task_runtime/dcnlp/eval/heavy",
    "uuid": "35d8ea3f-de6e-4c68-ae6c-fed2200b1e89",
    "model": "d=96_l=8_h=4",
    "creation_date": "2024_01_29-23_09_15",
    "eval_metrics": {
        "icl": {
            "agi_eval_lsat_ar": 0.186956524848938,
            "agi_eval_lsat_rc": 0.2761194109916687,
            "agi_eval_lsat_lr": 0.27450981736183167,
            "agi_eval_sat_en": 0.3009708821773529,
            "arc_easy": 0.2664141356945038,
            "arc_challenge": 0.19539248943328857,
            "bbq": 0.41860006885095075,
            "bigbench_conceptual_combinations": 0.24271844327449799,
            "bigbench_conlang_translation": 0.0,
            "bigbench_cs_algorithms": 0.05681818351149559,
            "bigbench_dyck_languages": 0.032999999821186066,
            "bigbench_elementary_math_qa": 0.2680555582046509,
            "bigbench_misconceptions": 0.4931506812572479,
            "bigbench_language_identification": 0.24950000643730164,
            "bigbench_logical_deduction": 0.2553333342075348,
            "bigbench_novel_concepts": 0.1875,
            "bigbench_operators": 0.06190476194024086,
            "bigbench_repeat_copy_logic": 0.0,
            "bigbench_qa_wikidata": 0.005413119215518236,
            "bigbench_strange_stories": 0.4655172526836395,
            "bigbench_strategy_qa": 0.48929664492607117,
            "bigbench_understanding_fables": 0.29629629850387573,
            "boolq": 0.3782874643802643,
            "commonsense_qa": 0.21375921368598938,
            "copa": 0.44999998807907104,
            "coqa": 0.0002505323791410774,
            "enterprise_pii_classification": 0.5063328146934509,
            "hellaswag": 0.25014936923980713,
            "hellaswag_zeroshot": 0.24726149439811707,
            "jeopardy": 0.0,
            "lambada_openai": 0.020958665758371353,
            "logi_qa": 0.21198156476020813,
            "math_qa": 0.25108951330184937,
            "mmlu": 0.23321599160370074,
            "mmlu_zeroshot": 0.23119350326688667,
            "openbook_qa": 0.24400000274181366,
            "piqa": 0.5467900037765503,
            "pubmed_qa_labeled": 0.0,
            "simple_arithmetic_nospaces": 0.0020000000949949026,
            "simple_arithmetic_withspaces": 0.0,
            "siqa": 0.48515865206718445,
            "squad": 0.00037842951132915914,
            "winogender_mc_female": 0.5166666507720947,
            "winogender_mc_male": 0.5333333611488342,
            "winograd": 0.4908424913883209,
            "winogrande": 0.4861878454685211
        }
    }
}