{
    "name": "/mnt/task_runtime/dcnlp/eval/heavy",
    "uuid": "dc4fd686-5120-447e-ac8b-b2ee503f9083",
    "model": "d=576_l=24_h=8",
    "creation_date": "2024_02_12-18_31_57",
    "eval_metrics": {
        "icl": {
            "agi_eval_lsat_ar": 0.239130437374115,
            "agi_eval_lsat_rc": 0.2537313401699066,
            "agi_eval_lsat_lr": 0.27450981736183167,
            "agi_eval_sat_en": 0.24271844327449799,
            "arc_easy": 0.4292929172515869,
            "arc_challenge": 0.23037542402744293,
            "bbq": 0.487071004780856,
            "bigbench_conceptual_combinations": 0.2330097109079361,
            "bigbench_conlang_translation": 0.012195121496915817,
            "bigbench_cs_algorithms": 0.4022727310657501,
            "bigbench_dyck_languages": 0.14399999380111694,
            "bigbench_elementary_math_qa": 0.24578091502189636,
            "bigbench_misconceptions": 0.47488585114479065,
            "bigbench_language_identification": 0.25619998574256897,
            "bigbench_logical_deduction": 0.26733332872390747,
            "bigbench_novel_concepts": 0.375,
            "bigbench_operators": 0.12857143580913544,
            "bigbench_repeat_copy_logic": 0.0,
            "bigbench_qa_wikidata": 0.4141528606414795,
            "bigbench_strange_stories": 0.49425286054611206,
            "bigbench_strategy_qa": 0.5190039277076721,
            "bigbench_understanding_fables": 0.24867725372314453,
            "boolq": 0.6045871376991272,
            "commonsense_qa": 0.24406224489212036,
            "copa": 0.6100000143051147,
            "coqa": 0.1220092698931694,
            "enterprise_pii_classification": 0.4818851351737976,
            "hellaswag": 0.34037044644355774,
            "hellaswag_zeroshot": 0.3392750322818756,
            "jeopardy": 0.010331853851675987,
            "lambada_openai": 0.33960798382759094,
            "logi_qa": 0.2718893885612488,
            "math_qa": 0.23499833047389984,
            "mmlu": 0.2414532788751418,
            "mmlu_zeroshot": 0.23469531117824086,
            "openbook_qa": 0.27799999713897705,
            "piqa": 0.65451580286026,
            "pubmed_qa_labeled": 0.5509999990463257,
            "simple_arithmetic_nospaces": 0.0010000000474974513,
            "simple_arithmetic_withspaces": 0.0020000000949949026,
            "siqa": 0.48925280570983887,
            "squad": 0.031409651041030884,
            "winogender_mc_female": 0.4166666567325592,
            "winogender_mc_male": 0.44999998807907104,
            "winograd": 0.5750916004180908,
            "winogrande": 0.5019731521606445
        }
    }
}