{
    "name": "/mnt/task_runtime/dcnlp/eval/heavy",
    "uuid": "bf6881fb-2471-4d24-bdd4-9c7e95a82018",
    "model": "d=1024_l=24_h=8",
    "creation_date": "2024_02_12-22_39_12",
    "eval_metrics": {
        "icl": {
            "agi_eval_lsat_ar": 0.20000000298023224,
            "agi_eval_lsat_rc": 0.24626865983009338,
            "agi_eval_lsat_lr": 0.2921568751335144,
            "agi_eval_sat_en": 0.28155338764190674,
            "arc_easy": 0.4015151560306549,
            "arc_challenge": 0.23293516039848328,
            "bbq": 0.4607531021941792,
            "bigbench_conceptual_combinations": 0.24271844327449799,
            "bigbench_conlang_translation": 0.012195121496915817,
            "bigbench_cs_algorithms": 0.37727272510528564,
            "bigbench_dyck_languages": 0.14800000190734863,
            "bigbench_elementary_math_qa": 0.24685534834861755,
            "bigbench_misconceptions": 0.4429223835468292,
            "bigbench_language_identification": 0.25459998846054077,
            "bigbench_logical_deduction": 0.2553333342075348,
            "bigbench_novel_concepts": 0.34375,
            "bigbench_operators": 0.095238097012043,
            "bigbench_repeat_copy_logic": 0.0,
            "bigbench_qa_wikidata": 0.361104279756546,
            "bigbench_strange_stories": 0.4597701132297516,
            "bigbench_strategy_qa": 0.5176933407783508,
            "bigbench_understanding_fables": 0.25925925374031067,
            "boolq": 0.5581039786338806,
            "commonsense_qa": 0.21457821130752563,
            "copa": 0.6100000143051147,
            "coqa": 0.08367781341075897,
            "enterprise_pii_classification": 0.47452136874198914,
            "hellaswag": 0.3514240086078644,
            "hellaswag_zeroshot": 0.3554072976112366,
            "jeopardy": 0.0005361930467188359,
            "lambada_openai": 0.30079564452171326,
            "logi_qa": 0.25960060954093933,
            "math_qa": 0.2500838041305542,
            "mmlu": 0.23778540771781354,
            "mmlu_zeroshot": 0.2315820060801088,
            "openbook_qa": 0.2939999997615814,
            "piqa": 0.6626768112182617,
            "pubmed_qa_labeled": 0.5109999775886536,
            "simple_arithmetic_nospaces": 0.0010000000474974513,
            "simple_arithmetic_withspaces": 0.004000000189989805,
            "siqa": 0.48618218302726746,
            "squad": 0.010785241611301899,
            "winogender_mc_female": 0.44999998807907104,
            "winogender_mc_male": 0.550000011920929,
            "winograd": 0.5860806107521057,
            "winogrande": 0.5114443302154541
        }
    }
}