{
    "name": "/mnt/task_runtime/dcnlp/eval/heavy",
    "uuid": "0f8276ce-355e-42ec-acc9-d5a32de1714a",
    "model": "d=96_l=8_h=4",
    "creation_date": "2024_01_29-14_54_56",
    "eval_metrics": {
        "icl": {
            "agi_eval_lsat_ar": 0.22608695924282074,
            "agi_eval_lsat_rc": 0.2761194109916687,
            "agi_eval_lsat_lr": 0.27843138575553894,
            "agi_eval_sat_en": 0.3009708821773529,
            "arc_easy": 0.2571548819541931,
            "arc_challenge": 0.21672354638576508,
            "bbq": 0.45456124164841394,
            "bigbench_conceptual_combinations": 0.26213592290878296,
            "bigbench_conlang_translation": 0.0,
            "bigbench_cs_algorithms": 0.0,
            "bigbench_dyck_languages": 0.0,
            "bigbench_elementary_math_qa": 0.26580187678337097,
            "bigbench_misconceptions": 0.4794520437717438,
            "bigbench_language_identification": 0.2502000033855438,
            "bigbench_logical_deduction": 0.25866666436195374,
            "bigbench_novel_concepts": 0.21875,
            "bigbench_operators": 0.08095238357782364,
            "bigbench_repeat_copy_logic": 0.0,
            "bigbench_qa_wikidata": 0.0,
            "bigbench_strange_stories": 0.522988498210907,
            "bigbench_strategy_qa": 0.47007426619529724,
            "bigbench_understanding_fables": 0.25925925374031067,
            "boolq": 0.3782874643802643,
            "commonsense_qa": 0.1957411915063858,
            "copa": 0.5099999904632568,
            "coqa": 0.0,
            "enterprise_pii_classification": 0.5063328146934509,
            "hellaswag": 0.24546903371810913,
            "hellaswag_zeroshot": 0.2469627559185028,
            "jeopardy": 0.0,
            "lambada_openai": 0.0,
            "logi_qa": 0.20276497304439545,
            "math_qa": 0.24840764701366425,
            "mmlu": 0.23116857623844816,
            "mmlu_zeroshot": 0.23116857623844816,
            "openbook_qa": 0.25,
            "piqa": 0.5163220763206482,
            "pubmed_qa_labeled": 0.0,
            "simple_arithmetic_nospaces": 0.0,
            "simple_arithmetic_withspaces": 0.007000000216066837,
            "siqa": 0.48413512110710144,
            "squad": 0.0,
            "winogender_mc_female": 0.5,
            "winogender_mc_male": 0.5,
            "winograd": 0.5018315315246582,
            "winogrande": 0.5201262831687927
        }
    }
}