{
    "name": "/mnt/task_runtime/dcnlp/eval/heavy",
    "uuid": "44fa6901-6251-4270-9f29-78d091fb93d4",
    "model": "d=576_l=24_h=8",
    "creation_date": "2024_01_29-19_43_08",
    "eval_metrics": {
        "icl": {
            "agi_eval_lsat_ar": 0.239130437374115,
            "agi_eval_lsat_rc": 0.2761194109916687,
            "agi_eval_lsat_lr": 0.29019609093666077,
            "agi_eval_sat_en": 0.29611650109291077,
            "arc_easy": 0.34806397557258606,
            "arc_challenge": 0.22184300422668457,
            "bbq": 0.42142260616475885,
            "bigbench_conceptual_combinations": 0.21359223127365112,
            "bigbench_conlang_translation": 0.012195121496915817,
            "bigbench_cs_algorithms": 0.39848485589027405,
            "bigbench_dyck_languages": 0.02800000086426735,
            "bigbench_elementary_math_qa": 0.27421385049819946,
            "bigbench_misconceptions": 0.47031962871551514,
            "bigbench_language_identification": 0.2574000060558319,
            "bigbench_logical_deduction": 0.23066666722297668,
            "bigbench_novel_concepts": 0.5,
            "bigbench_operators": 0.07619047909975052,
            "bigbench_repeat_copy_logic": 0.0,
            "bigbench_qa_wikidata": 0.1966438591480255,
            "bigbench_strange_stories": 0.3965517282485962,
            "bigbench_strategy_qa": 0.5054609179496765,
            "bigbench_understanding_fables": 0.2222222238779068,
            "boolq": 0.621100902557373,
            "commonsense_qa": 0.2858312726020813,
            "copa": 0.5600000023841858,
            "coqa": 0.02505323849618435,
            "enterprise_pii_classification": 0.445949912071228,
            "hellaswag": 0.28530174493789673,
            "hellaswag_zeroshot": 0.2822147011756897,
            "jeopardy": 0.0005361930467188359,
            "lambada_openai": 0.2026004195213318,
            "logi_qa": 0.21198156476020813,
            "math_qa": 0.23533356189727783,
            "mmlu": 0.24489848368000566,
            "mmlu_zeroshot": 0.23056301762137496,
            "openbook_qa": 0.257999986410141,
            "piqa": 0.6256800889968872,
            "pubmed_qa_labeled": 0.5199999809265137,
            "simple_arithmetic_nospaces": 0.0,
            "simple_arithmetic_withspaces": 0.0010000000474974513,
            "siqa": 0.5066530108451843,
            "squad": 0.0018921475857496262,
            "winogender_mc_female": 0.4833333194255829,
            "winogender_mc_male": 0.46666666865348816,
            "winograd": 0.5384615659713745,
            "winogrande": 0.48145225644111633
        }
    }
}