{
    "name": "/mnt/task_runtime/dcnlp/eval/heavy",
    "uuid": "d9b4e975-65f3-4e4a-a71b-fcd60c1fa8d6",
    "model": "d=1024_l=24_h=8",
    "creation_date": "2024_02_15-14_28_58",
    "eval_metrics": {
        "icl": {
            "agi_eval_lsat_ar": 0.20000000298023224,
            "agi_eval_lsat_rc": 0.2761194109916687,
            "agi_eval_lsat_lr": 0.25294119119644165,
            "agi_eval_sat_en": 0.3009708821773529,
            "arc_easy": 0.5336700081825256,
            "arc_challenge": 0.25767919421195984,
            "bbq": 0.4731845638968728,
            "bigbench_conceptual_combinations": 0.291262149810791,
            "bigbench_conlang_translation": 0.012195121496915817,
            "bigbench_cs_algorithms": 0.4522727131843567,
            "bigbench_dyck_languages": 0.2160000056028366,
            "bigbench_elementary_math_qa": 0.23660901188850403,
            "bigbench_misconceptions": 0.4337899684906006,
            "bigbench_language_identification": 0.25609999895095825,
            "bigbench_logical_deduction": 0.257999986410141,
            "bigbench_novel_concepts": 0.4375,
            "bigbench_operators": 0.14761905372142792,
            "bigbench_repeat_copy_logic": 0.0,
            "bigbench_qa_wikidata": 0.5935239195823669,
            "bigbench_strange_stories": 0.5,
            "bigbench_strategy_qa": 0.5015290379524231,
            "bigbench_understanding_fables": 0.28042328357696533,
            "boolq": 0.6000000238418579,
            "commonsense_qa": 0.23914824426174164,
            "copa": 0.6700000166893005,
            "coqa": 0.23750469088554382,
            "enterprise_pii_classification": 0.5016200542449951,
            "hellaswag": 0.440051794052124,
            "hellaswag_zeroshot": 0.43656641244888306,
            "jeopardy": 0.11333615556359292,
            "lambada_openai": 0.5033960938453674,
            "logi_qa": 0.2611367106437683,
            "math_qa": 0.2557827830314636,
            "mmlu": 0.24224306198588588,
            "mmlu_zeroshot": 0.23172084987163544,
            "openbook_qa": 0.328000009059906,
            "piqa": 0.681175172328949,
            "pubmed_qa_labeled": 0.47999998927116394,
            "simple_arithmetic_nospaces": 0.0010000000474974513,
            "simple_arithmetic_withspaces": 0.0020000000949949026,
            "siqa": 0.5015352964401245,
            "squad": 0.32724693417549133,
            "winogender_mc_female": 0.46666666865348816,
            "winogender_mc_male": 0.5,
            "winograd": 0.6703296899795532,
            "winogrande": 0.5248618721961975
        }
    }
}