{
    "name": "/mnt/task_runtime/dcnlp/eval/heavy",
    "uuid": "45cd9729-f328-43cc-bbcb-d8fbaf5e7ebe",
    "model": "d=96_l=8_h=4",
    "creation_date": "2024_01_29-13_40_09",
    "eval_metrics": {
        "icl": {
            "agi_eval_lsat_ar": 0.22608695924282074,
            "agi_eval_lsat_rc": 0.2761194109916687,
            "agi_eval_lsat_lr": 0.27843138575553894,
            "agi_eval_sat_en": 0.3009708821773529,
            "arc_easy": 0.26893940567970276,
            "arc_challenge": 0.20051194727420807,
            "bbq": 0.44183329289609735,
            "bigbench_conceptual_combinations": 0.3009708821773529,
            "bigbench_conlang_translation": 0.0,
            "bigbench_cs_algorithms": 0.0,
            "bigbench_dyck_languages": 0.0,
            "bigbench_elementary_math_qa": 0.27025681734085083,
            "bigbench_misconceptions": 0.4794520437717438,
            "bigbench_language_identification": 0.25040000677108765,
            "bigbench_logical_deduction": 0.2606666684150696,
            "bigbench_novel_concepts": 0.28125,
            "bigbench_operators": 0.08095238357782364,
            "bigbench_repeat_copy_logic": 0.0,
            "bigbench_qa_wikidata": 0.0,
            "bigbench_strange_stories": 0.517241358757019,
            "bigbench_strategy_qa": 0.47225862741470337,
            "bigbench_understanding_fables": 0.25925925374031067,
            "boolq": 0.3782874643802643,
            "commonsense_qa": 0.1957411915063858,
            "copa": 0.5,
            "coqa": 0.0001252661895705387,
            "enterprise_pii_classification": 0.5063328146934509,
            "hellaswag": 0.23859788477420807,
            "hellaswag_zeroshot": 0.23760206997394562,
            "jeopardy": 0.0,
            "lambada_openai": 0.000194061707588844,
            "logi_qa": 0.20276497304439545,
            "math_qa": 0.24840764701366425,
            "mmlu": 0.2311782095777361,
            "mmlu_zeroshot": 0.23118784291702404,
            "openbook_qa": 0.23800000548362732,
            "piqa": 0.554951012134552,
            "pubmed_qa_labeled": 0.0,
            "simple_arithmetic_nospaces": 0.0,
            "simple_arithmetic_withspaces": 0.007000000216066837,
            "siqa": 0.48413512110710144,
            "squad": 0.0,
            "winogender_mc_female": 0.4833333194255829,
            "winogender_mc_male": 0.4833333194255829,
            "winograd": 0.5091575384140015,
            "winogrande": 0.5106551051139832
        }
    }
}