{
    "name": "/mnt/task_runtime/dcnlp/eval/heavy",
    "uuid": "0fbb2bc5-b194-4dc0-a509-afed0665c086",
    "model": "d=512_l=8_h=4",
    "creation_date": "2024_01_29-19_30_42",
    "eval_metrics": {
        "icl": {
            "agi_eval_lsat_ar": 0.208695650100708,
            "agi_eval_lsat_rc": 0.2723880708217621,
            "agi_eval_lsat_lr": 0.26274511218070984,
            "agi_eval_sat_en": 0.3009708821773529,
            "arc_easy": 0.3598484992980957,
            "arc_challenge": 0.2226962447166443,
            "bbq": 0.40845710310069,
            "bigbench_conceptual_combinations": 0.223300963640213,
            "bigbench_conlang_translation": 0.012195121496915817,
            "bigbench_cs_algorithms": 0.3909091055393219,
            "bigbench_dyck_languages": 0.1120000034570694,
            "bigbench_elementary_math_qa": 0.25285640358924866,
            "bigbench_misconceptions": 0.4794520437717438,
            "bigbench_language_identification": 0.2558000087738037,
            "bigbench_logical_deduction": 0.24799999594688416,
            "bigbench_novel_concepts": 0.375,
            "bigbench_operators": 0.0714285746216774,
            "bigbench_repeat_copy_logic": 0.0,
            "bigbench_qa_wikidata": 0.2565818727016449,
            "bigbench_strange_stories": 0.4712643623352051,
            "bigbench_strategy_qa": 0.4901703894138336,
            "bigbench_understanding_fables": 0.29100528359413147,
            "boolq": 0.5287461876869202,
            "commonsense_qa": 0.2383292317390442,
            "copa": 0.6100000143051147,
            "coqa": 0.0227984469383955,
            "enterprise_pii_classification": 0.5039764642715454,
            "hellaswag": 0.29904401302337646,
            "hellaswag_zeroshot": 0.29864567518234253,
            "jeopardy": 0.0,
            "lambada_openai": 0.2320978045463562,
            "logi_qa": 0.21966205537319183,
            "math_qa": 0.2497485727071762,
            "mmlu": 0.23798752445400806,
            "mmlu_zeroshot": 0.2312963293832645,
            "openbook_qa": 0.2800000011920929,
            "piqa": 0.6273123025894165,
            "pubmed_qa_labeled": 0.5109999775886536,
            "simple_arithmetic_nospaces": 0.0,
            "simple_arithmetic_withspaces": 0.0020000000949949026,
            "siqa": 0.48464688658714294,
            "squad": 0.002175969770178199,
            "winogender_mc_female": 0.4833333194255829,
            "winogender_mc_male": 0.46666666865348816,
            "winograd": 0.5311355590820312,
            "winogrande": 0.5232833623886108
        }
    }
}