{
    "name": "/mnt/task_runtime/dcnlp/eval/heavy",
    "uuid": "49811945-df49-4891-b712-c26c708384ce",
    "model": "d=1024_l=24_h=8",
    "creation_date": "2024_01_29-15_07_33",
    "eval_metrics": {
        "icl": {
            "agi_eval_lsat_ar": 0.19130434095859528,
            "agi_eval_lsat_rc": 0.23507462441921234,
            "agi_eval_lsat_lr": 0.2549019753932953,
            "agi_eval_sat_en": 0.2669903039932251,
            "arc_easy": 0.4638047218322754,
            "arc_challenge": 0.2551194429397583,
            "bbq": 0.5010880665345625,
            "bigbench_conceptual_combinations": 0.3203883469104767,
            "bigbench_conlang_translation": 0.018292682245373726,
            "bigbench_cs_algorithms": 0.41287878155708313,
            "bigbench_dyck_languages": 0.2029999941587448,
            "bigbench_elementary_math_qa": 0.2485324889421463,
            "bigbench_misconceptions": 0.534246563911438,
            "bigbench_language_identification": 0.25290000438690186,
            "bigbench_logical_deduction": 0.25200000405311584,
            "bigbench_novel_concepts": 0.3125,
            "bigbench_operators": 0.17619048058986664,
            "bigbench_repeat_copy_logic": 0.03125,
            "bigbench_qa_wikidata": 0.5102603435516357,
            "bigbench_strange_stories": 0.49425286054611206,
            "bigbench_strategy_qa": 0.512887716293335,
            "bigbench_understanding_fables": 0.22751322388648987,
            "boolq": 0.519571840763092,
            "commonsense_qa": 0.20311219990253448,
            "copa": 0.6200000047683716,
            "coqa": 0.18013277649879456,
            "enterprise_pii_classification": 0.496023565530777,
            "hellaswag": 0.36486756801605225,
            "hellaswag_zeroshot": 0.36297550797462463,
            "jeopardy": 0.03815412148833275,
            "lambada_openai": 0.41529205441474915,
            "logi_qa": 0.24884793162345886,
            "math_qa": 0.23801541328430176,
            "mmlu": 0.23482093437199006,
            "mmlu_zeroshot": 0.2314637368708326,
            "openbook_qa": 0.2980000078678131,
            "piqa": 0.6528835892677307,
            "pubmed_qa_labeled": 0.4749999940395355,
            "simple_arithmetic_nospaces": 0.0020000000949949026,
            "simple_arithmetic_withspaces": 0.003000000026077032,
            "siqa": 0.48208802938461304,
            "squad": 0.17142857611179352,
            "winogender_mc_female": 0.38333332538604736,
            "winogender_mc_male": 0.44999998807907104,
            "winograd": 0.6190476417541504,
            "winogrande": 0.5138121843338013
        }
    }
}