{
    "name": "/mnt/task_runtime/dcnlp/eval/heavy",
    "uuid": "b090fb80-96b5-4766-8cc4-0427a6c775f4",
    "model": "d=576_l=24_h=8",
    "creation_date": "2024_01_29-23_17_08",
    "eval_metrics": {
        "icl": {
            "agi_eval_lsat_ar": 0.27391305565834045,
            "agi_eval_lsat_rc": 0.2537313401699066,
            "agi_eval_lsat_lr": 0.22549019753932953,
            "agi_eval_sat_en": 0.20388349890708923,
            "arc_easy": 0.43855220079421997,
            "arc_challenge": 0.2389078438282013,
            "bbq": 0.5357233069159768,
            "bigbench_conceptual_combinations": 0.25242719054222107,
            "bigbench_conlang_translation": 0.012195121496915817,
            "bigbench_cs_algorithms": 0.4530302882194519,
            "bigbench_dyck_languages": 0.18400000035762787,
            "bigbench_elementary_math_qa": 0.24971173703670502,
            "bigbench_misconceptions": 0.4931506812572479,
            "bigbench_language_identification": 0.2606000006198883,
            "bigbench_logical_deduction": 0.2680000066757202,
            "bigbench_novel_concepts": 0.375,
            "bigbench_operators": 0.1666666716337204,
            "bigbench_repeat_copy_logic": 0.0,
            "bigbench_qa_wikidata": 0.4952020049095154,
            "bigbench_strange_stories": 0.49425286054611206,
            "bigbench_strategy_qa": 0.5037134289741516,
            "bigbench_understanding_fables": 0.28042328357696533,
            "boolq": 0.5694189667701721,
            "commonsense_qa": 0.1957411915063858,
            "copa": 0.5799999833106995,
            "coqa": 0.15533007681369781,
            "enterprise_pii_classification": 0.508100152015686,
            "hellaswag": 0.32901811599731445,
            "hellaswag_zeroshot": 0.32842063903808594,
            "jeopardy": 0.012740903906524182,
            "lambada_openai": 0.3710460066795349,
            "logi_qa": 0.2380952388048172,
            "math_qa": 0.2467314749956131,
            "mmlu": 0.24137996463922032,
            "mmlu_zeroshot": 0.23298897554999903,
            "openbook_qa": 0.2840000092983246,
            "piqa": 0.6349292993545532,
            "pubmed_qa_labeled": 0.5320000052452087,
            "simple_arithmetic_nospaces": 0.0010000000474974513,
            "simple_arithmetic_withspaces": 0.0020000000949949026,
            "siqa": 0.5046059489250183,
            "squad": 0.12308420240879059,
            "winogender_mc_female": 0.4000000059604645,
            "winogender_mc_male": 0.5,
            "winograd": 0.6080586314201355,
            "winogrande": 0.5248618721961975
        }
    }
}