{
    "name": "/mnt/task_runtime/dcnlp/eval/heavy",
    "uuid": "ac492edb-f500-4cdf-879d-92b0cd9102bc",
    "model": "d=512_l=8_h=4",
    "creation_date": "2024_02_09-21_05_49",
    "eval_metrics": {
        "icl": {
            "agi_eval_lsat_ar": 0.20434781908988953,
            "agi_eval_lsat_rc": 0.2798507511615753,
            "agi_eval_lsat_lr": 0.272549033164978,
            "agi_eval_sat_en": 0.3009708821773529,
            "arc_easy": 0.31607744097709656,
            "arc_challenge": 0.22098976373672485,
            "bbq": 0.4416305124759674,
            "bigbench_conceptual_combinations": 0.2330097109079361,
            "bigbench_conlang_translation": 0.0,
            "bigbench_cs_algorithms": 0.35151514410972595,
            "bigbench_dyck_languages": 0.004999999888241291,
            "bigbench_elementary_math_qa": 0.2643868029117584,
            "bigbench_misconceptions": 0.4885844886302948,
            "bigbench_language_identification": 0.2493000030517578,
            "bigbench_logical_deduction": 0.23333333432674408,
            "bigbench_novel_concepts": 0.28125,
            "bigbench_operators": 0.0714285746216774,
            "bigbench_repeat_copy_logic": 0.0,
            "bigbench_qa_wikidata": 0.05634565278887749,
            "bigbench_strange_stories": 0.43103447556495667,
            "bigbench_strategy_qa": 0.4954128563404083,
            "bigbench_understanding_fables": 0.2857142984867096,
            "boolq": 0.522629976272583,
            "commonsense_qa": 0.28828829526901245,
            "copa": 0.4699999988079071,
            "coqa": 0.01002129539847374,
            "enterprise_pii_classification": 0.48571428656578064,
            "hellaswag": 0.2655845582485199,
            "hellaswag_zeroshot": 0.27136027812957764,
            "jeopardy": 0.0,
            "lambada_openai": 0.1465165913105011,
            "logi_qa": 0.20122887194156647,
            "math_qa": 0.23801541328430176,
            "mmlu": 0.23680409266237626,
            "mmlu_zeroshot": 0.23134924523663103,
            "openbook_qa": 0.25999999046325684,
            "piqa": 0.592491865158081,
            "pubmed_qa_labeled": 0.23499999940395355,
            "simple_arithmetic_nospaces": 0.004000000189989805,
            "simple_arithmetic_withspaces": 0.0010000000474974513,
            "siqa": 0.5,
            "squad": 0.0012298959773033857,
            "winogender_mc_female": 0.4000000059604645,
            "winogender_mc_male": 0.550000011920929,
            "winograd": 0.5347985625267029,
            "winogrande": 0.507498025894165
        }
    }
}