{
    "name": "/mnt/task_runtime/dcnlp/eval/heavy",
    "uuid": "472b8490-9d50-4122-a883-707b03f9a546",
    "model": "d=512_l=8_h=4",
    "creation_date": "2024_01_29-22_27_59",
    "eval_metrics": {
        "icl": {
            "agi_eval_lsat_ar": 0.156521737575531,
            "agi_eval_lsat_rc": 0.23880596458911896,
            "agi_eval_lsat_lr": 0.2862745225429535,
            "agi_eval_sat_en": 0.2330097109079361,
            "arc_easy": 0.3556397259235382,
            "arc_challenge": 0.22013652324676514,
            "bbq": 0.445837221362374,
            "bigbench_conceptual_combinations": 0.25242719054222107,
            "bigbench_conlang_translation": 0.0,
            "bigbench_cs_algorithms": 0.405303031206131,
            "bigbench_dyck_languages": 0.08100000023841858,
            "bigbench_elementary_math_qa": 0.2609800696372986,
            "bigbench_misconceptions": 0.5205479264259338,
            "bigbench_language_identification": 0.2508000135421753,
            "bigbench_logical_deduction": 0.23600000143051147,
            "bigbench_novel_concepts": 0.375,
            "bigbench_operators": 0.09047619253396988,
            "bigbench_repeat_copy_logic": 0.0,
            "bigbench_qa_wikidata": 0.18660499155521393,
            "bigbench_strange_stories": 0.4367816150188446,
            "bigbench_strategy_qa": 0.5155089497566223,
            "bigbench_understanding_fables": 0.24867725372314453,
            "boolq": 0.5654433965682983,
            "commonsense_qa": 0.2661752700805664,
            "copa": 0.5699999928474426,
            "coqa": 0.04572216048836708,
            "enterprise_pii_classification": 0.5048601031303406,
            "hellaswag": 0.28261303901672363,
            "hellaswag_zeroshot": 0.277633935213089,
            "jeopardy": 0.0,
            "lambada_openai": 0.22530564665794373,
            "logi_qa": 0.23195084929466248,
            "math_qa": 0.24773718416690826,
            "mmlu": 0.24142869784120927,
            "mmlu_zeroshot": 0.22973715579300596,
            "openbook_qa": 0.2800000011920929,
            "piqa": 0.6109902262687683,
            "pubmed_qa_labeled": 0.492000013589859,
            "simple_arithmetic_nospaces": 0.0,
            "simple_arithmetic_withspaces": 0.0,
            "siqa": 0.5015352964401245,
            "squad": 0.0028382213786244392,
            "winogender_mc_female": 0.4833333194255829,
            "winogender_mc_male": 0.4833333194255829,
            "winograd": 0.5457875728607178,
            "winogrande": 0.503551721572876
        }
    }
}