{
    "name": "/mnt/task_runtime/dcnlp/eval/heavy",
    "uuid": "377771e9-e807-4b77-8977-721f64be17a0",
    "model": "d=512_l=8_h=4",
    "creation_date": "2024_01_29-21_30_54",
    "eval_metrics": {
        "icl": {
            "agi_eval_lsat_ar": 0.24347825348377228,
            "agi_eval_lsat_rc": 0.2798507511615753,
            "agi_eval_lsat_lr": 0.28431373834609985,
            "agi_eval_sat_en": 0.3009708821773529,
            "arc_easy": 0.30218854546546936,
            "arc_challenge": 0.20904436707496643,
            "bbq": 0.4434003098444505,
            "bigbench_conceptual_combinations": 0.27184465527534485,
            "bigbench_conlang_translation": 0.0,
            "bigbench_cs_algorithms": 0.09166666865348816,
            "bigbench_dyck_languages": 0.0010000000474974513,
            "bigbench_elementary_math_qa": 0.2689727544784546,
            "bigbench_misconceptions": 0.4794520437717438,
            "bigbench_language_identification": 0.2540999948978424,
            "bigbench_logical_deduction": 0.24666666984558105,
            "bigbench_novel_concepts": 0.21875,
            "bigbench_operators": 0.08095238357782364,
            "bigbench_repeat_copy_logic": 0.0,
            "bigbench_qa_wikidata": 0.037153683602809906,
            "bigbench_strange_stories": 0.44252872467041016,
            "bigbench_strategy_qa": 0.48536479473114014,
            "bigbench_understanding_fables": 0.29100528359413147,
            "boolq": 0.42568808794021606,
            "commonsense_qa": 0.27600327134132385,
            "copa": 0.5,
            "coqa": 0.009520230814814568,
            "enterprise_pii_classification": 0.5039764642715454,
            "hellaswag": 0.2584146559238434,
            "hellaswag_zeroshot": 0.2608046233654022,
            "jeopardy": 0.0,
            "lambada_openai": 0.08655152469873428,
            "logi_qa": 0.2058371752500534,
            "math_qa": 0.24773718416690826,
            "mmlu": 0.24230238860636427,
            "mmlu_zeroshot": 0.2311976544166866,
            "openbook_qa": 0.2460000067949295,
            "piqa": 0.5729053616523743,
            "pubmed_qa_labeled": 0.17800000309944153,
            "simple_arithmetic_nospaces": 0.003000000026077032,
            "simple_arithmetic_withspaces": 0.004000000189989805,
            "siqa": 0.4979529082775116,
            "squad": 0.0007568590226583183,
            "winogender_mc_female": 0.4166666567325592,
            "winogender_mc_male": 0.5333333611488342,
            "winograd": 0.5164835453033447,
            "winogrande": 0.5138121843338013
        }
    }
}