{
    "name": "/mnt/task_runtime/dcnlp/eval/heavy",
    "uuid": "33cdfc37-c414-4bcc-86c5-95edd9aa59cb",
    "model": "d=1024_l=24_h=8",
    "creation_date": "2024_02_12-16_59_49",
    "eval_metrics": {
        "icl": {
            "agi_eval_lsat_ar": 0.2130434811115265,
            "agi_eval_lsat_rc": 0.2723880708217621,
            "agi_eval_lsat_lr": 0.2764706015586853,
            "agi_eval_sat_en": 0.276699036359787,
            "arc_easy": 0.5513467788696289,
            "arc_challenge": 0.2670648396015167,
            "bbq": 0.43812011859633704,
            "bigbench_conceptual_combinations": 0.28155338764190674,
            "bigbench_conlang_translation": 0.018292682245373726,
            "bigbench_cs_algorithms": 0.4522727131843567,
            "bigbench_dyck_languages": 0.2720000147819519,
            "bigbench_elementary_math_qa": 0.236897274851799,
            "bigbench_misconceptions": 0.4931506812572479,
            "bigbench_language_identification": 0.2558000087738037,
            "bigbench_logical_deduction": 0.23666666448116302,
            "bigbench_novel_concepts": 0.40625,
            "bigbench_operators": 0.15714286267757416,
            "bigbench_repeat_copy_logic": 0.03125,
            "bigbench_qa_wikidata": 0.603365957736969,
            "bigbench_strange_stories": 0.5,
            "bigbench_strategy_qa": 0.5294888615608215,
            "bigbench_understanding_fables": 0.25925925374031067,
            "boolq": 0.5048929452896118,
            "commonsense_qa": 0.20147420465946198,
            "copa": 0.6499999761581421,
            "coqa": 0.27909308671951294,
            "enterprise_pii_classification": 0.49985271692276,
            "hellaswag": 0.4616610109806061,
            "hellaswag_zeroshot": 0.45389366149902344,
            "jeopardy": 0.1673962265253067,
            "lambada_openai": 0.520667552947998,
            "logi_qa": 0.24731183052062988,
            "math_qa": 0.25879988074302673,
            "mmlu": 0.2362248118509326,
            "mmlu_zeroshot": 0.23602519720269924,
            "openbook_qa": 0.33000001311302185,
            "piqa": 0.6844395995140076,
            "pubmed_qa_labeled": 0.5120000243186951,
            "simple_arithmetic_nospaces": 0.0020000000949949026,
            "simple_arithmetic_withspaces": 0.0010000000474974513,
            "siqa": 0.5,
            "squad": 0.3866603672504425,
            "winogender_mc_female": 0.4333333373069763,
            "winogender_mc_male": 0.44999998807907104,
            "winograd": 0.721611738204956,
            "winogrande": 0.5564325451850891
        }
    }
}