{
    "name": "/mnt/task_runtime/dcnlp/eval/heavy",
    "uuid": "1978082e-5a4d-4223-9a36-b1cef995de7f",
    "model": "d=512_l=8_h=4",
    "creation_date": "2024_01_29-21_09_12",
    "eval_metrics": {
        "icl": {
            "agi_eval_lsat_ar": 0.1826086938381195,
            "agi_eval_lsat_rc": 0.2723880708217621,
            "agi_eval_lsat_lr": 0.2862745225429535,
            "agi_eval_sat_en": 0.276699036359787,
            "arc_easy": 0.313973069190979,
            "arc_challenge": 0.2226962447166443,
            "bbq": 0.4611795734275471,
            "bigbench_conceptual_combinations": 0.2330097109079361,
            "bigbench_conlang_translation": 0.0,
            "bigbench_cs_algorithms": 0.4265151619911194,
            "bigbench_dyck_languages": 0.07500000298023224,
            "bigbench_elementary_math_qa": 0.2665618360042572,
            "bigbench_misconceptions": 0.5159817337989807,
            "bigbench_language_identification": 0.25699999928474426,
            "bigbench_logical_deduction": 0.24533332884311676,
            "bigbench_novel_concepts": 0.4375,
            "bigbench_operators": 0.07619047909975052,
            "bigbench_repeat_copy_logic": 0.0,
            "bigbench_qa_wikidata": 0.07312632352113724,
            "bigbench_strange_stories": 0.4482758641242981,
            "bigbench_strategy_qa": 0.5089558959007263,
            "bigbench_understanding_fables": 0.28042328357696533,
            "boolq": 0.6131498217582703,
            "commonsense_qa": 0.29565930366516113,
            "copa": 0.46000000834465027,
            "coqa": 0.049104347825050354,
            "enterprise_pii_classification": 0.49867451190948486,
            "hellaswag": 0.26508665084838867,
            "hellaswag_zeroshot": 0.26777535676956177,
            "jeopardy": 0.0,
            "lambada_openai": 0.15524937212467194,
            "logi_qa": 0.2534562349319458,
            "math_qa": 0.23902112245559692,
            "mmlu": 0.2419330099957031,
            "mmlu_zeroshot": 0.23074235414203845,
            "openbook_qa": 0.25,
            "piqa": 0.5897715091705322,
            "pubmed_qa_labeled": 0.4729999899864197,
            "simple_arithmetic_nospaces": 0.0010000000474974513,
            "simple_arithmetic_withspaces": 0.0010000000474974513,
            "siqa": 0.5025588274002075,
            "squad": 0.0012298959773033857,
            "winogender_mc_female": 0.5833333134651184,
            "winogender_mc_male": 0.4833333194255829,
            "winograd": 0.5091575384140015,
            "winogrande": 0.507498025894165
        }
    }
}