{
    "name": "/mnt/task_runtime/dcnlp/eval/heavy",
    "uuid": "97cc4fa6-bdc0-4b27-a328-bf05850ca905",
    "model": "d=96_l=8_h=4",
    "creation_date": "2024_01_29-13_45_38",
    "eval_metrics": {
        "icl": {
            "agi_eval_lsat_ar": 0.22608695924282074,
            "agi_eval_lsat_rc": 0.2761194109916687,
            "agi_eval_lsat_lr": 0.27843138575553894,
            "agi_eval_sat_en": 0.3009708821773529,
            "arc_easy": 0.2777777910232544,
            "arc_challenge": 0.20648464560508728,
            "bbq": 0.46013046394694934,
            "bigbench_conceptual_combinations": 0.3106796145439148,
            "bigbench_conlang_translation": 0.0,
            "bigbench_cs_algorithms": 0.0,
            "bigbench_dyck_languages": 0.0,
            "bigbench_elementary_math_qa": 0.2653825879096985,
            "bigbench_misconceptions": 0.4840182662010193,
            "bigbench_language_identification": 0.2502000033855438,
            "bigbench_logical_deduction": 0.2606666684150696,
            "bigbench_novel_concepts": 0.25,
            "bigbench_operators": 0.08095238357782364,
            "bigbench_repeat_copy_logic": 0.0,
            "bigbench_qa_wikidata": 0.0,
            "bigbench_strange_stories": 0.49425286054611206,
            "bigbench_strategy_qa": 0.4674530327320099,
            "bigbench_understanding_fables": 0.25925925374031067,
            "boolq": 0.470336377620697,
            "commonsense_qa": 0.1957411915063858,
            "copa": 0.5199999809265137,
            "coqa": 0.0,
            "enterprise_pii_classification": 0.5163475871086121,
            "hellaswag": 0.2390957921743393,
            "hellaswag_zeroshot": 0.23919537663459778,
            "jeopardy": 0.0,
            "lambada_openai": 0.000776246830355376,
            "logi_qa": 0.20276497304439545,
            "math_qa": 0.24840764701366425,
            "mmlu": 0.23116857623844816,
            "mmlu_zeroshot": 0.23116857623844816,
            "openbook_qa": 0.25200000405311584,
            "piqa": 0.5435255765914917,
            "pubmed_qa_labeled": 0.0,
            "simple_arithmetic_nospaces": 0.0,
            "simple_arithmetic_withspaces": 0.006000000052154064,
            "siqa": 0.48413512110710144,
            "squad": 0.0,
            "winogender_mc_female": 0.4833333194255829,
            "winogender_mc_male": 0.5166666507720947,
            "winograd": 0.5201465487480164,
            "winogrande": 0.494080513715744
        }
    }
}