{
    "name": "/mnt/task_runtime/dcnlp/eval/heavy",
    "uuid": "11b2a889-f6ac-4141-b2aa-cc19f921cc7f",
    "model": "open_lm_1b",
    "creation_date": "2024_02_15-13_50_33",
    "eval_metrics": {
        "icl": {
            "agi_eval_lsat_ar": 0.22173912823200226,
            "agi_eval_lsat_rc": 0.25746268033981323,
            "agi_eval_lsat_lr": 0.26274511218070984,
            "agi_eval_sat_en": 0.276699036359787,
            "arc_easy": 0.5484007000923157,
            "arc_challenge": 0.27901023626327515,
            "bbq": 0.49639683961868286,
            "bigbench_conceptual_combinations": 0.223300963640213,
            "bigbench_conlang_translation": 0.012195121496915817,
            "bigbench_cs_algorithms": 0.44090908765792847,
            "bigbench_dyck_languages": 0.2070000022649765,
            "bigbench_elementary_math_qa": 0.24848008155822754,
            "bigbench_misconceptions": 0.49771690368652344,
            "bigbench_language_identification": 0.2529999911785126,
            "bigbench_logical_deduction": 0.2513333261013031,
            "bigbench_novel_concepts": 0.34375,
            "bigbench_operators": 0.190476194024086,
            "bigbench_repeat_copy_logic": 0.0625,
            "bigbench_qa_wikidata": 0.6013975739479065,
            "bigbench_strange_stories": 0.540229856967926,
            "bigbench_strategy_qa": 0.5268676280975342,
            "bigbench_understanding_fables": 0.24338623881340027,
            "boolq": 0.5394495129585266,
            "commonsense_qa": 0.21621622145175934,
            "copa": 0.6499999761581421,
            "coqa": 0.25078290700912476,
            "enterprise_pii_classification": 0.49455082416534424,
            "hellaswag": 0.45389366149902344,
            "hellaswag_zeroshot": 0.45060744881629944,
            "jeopardy": 0.12897960729897023,
            "lambada_openai": 0.5229963064193726,
            "logi_qa": 0.22580644488334656,
            "math_qa": 0.2507542669773102,
            "mmlu": 0.25145919908557024,
            "mmlu_zeroshot": 0.25444119488983824,
            "openbook_qa": 0.33799999952316284,
            "piqa": 0.6882480978965759,
            "pubmed_qa_labeled": 0.5519999861717224,
            "simple_arithmetic_nospaces": 0.003000000026077032,
            "simple_arithmetic_withspaces": 0.004000000189989805,
            "siqa": 0.47799384593963623,
            "squad": 0.33604541420936584,
            "winogender_mc_female": 0.44999998807907104,
            "winogender_mc_male": 0.5166666507720947,
            "winograd": 0.7032967209815979,
            "winogrande": 0.5311760306358337
        }
    }
}