{
    "name": "/mnt/task_runtime/dcnlp/eval/heavy",
    "uuid": "1b2c14bf-c0c2-4af3-a9ea-6b0547d0af42",
    "model": "d=96_l=8_h=4",
    "creation_date": "2024_02_12-16_21_21",
    "eval_metrics": {
        "icl": {
            "agi_eval_lsat_ar": 0.22608695924282074,
            "agi_eval_lsat_rc": 0.2761194109916687,
            "agi_eval_lsat_lr": 0.27843138575553894,
            "agi_eval_sat_en": 0.3009708821773529,
            "arc_easy": 0.26851850748062134,
            "arc_challenge": 0.21928328275680542,
            "bbq": 0.4750837277282368,
            "bigbench_conceptual_combinations": 0.3106796145439148,
            "bigbench_conlang_translation": 0.0,
            "bigbench_cs_algorithms": 0.0,
            "bigbench_dyck_languages": 0.06300000101327896,
            "bigbench_elementary_math_qa": 0.2734014689922333,
            "bigbench_misconceptions": 0.5068492889404297,
            "bigbench_language_identification": 0.2515999972820282,
            "bigbench_logical_deduction": 0.25866666436195374,
            "bigbench_novel_concepts": 0.25,
            "bigbench_operators": 0.095238097012043,
            "bigbench_repeat_copy_logic": 0.0,
            "bigbench_qa_wikidata": 0.0,
            "bigbench_strange_stories": 0.5287356376647949,
            "bigbench_strategy_qa": 0.5216251611709595,
            "bigbench_understanding_fables": 0.25925925374031067,
            "boolq": 0.47370031476020813,
            "commonsense_qa": 0.1957411915063858,
            "copa": 0.49000000953674316,
            "coqa": 0.0,
            "enterprise_pii_classification": 0.48748159408569336,
            "hellaswag": 0.24009162187576294,
            "hellaswag_zeroshot": 0.23929496109485626,
            "jeopardy": 0.0,
            "lambada_openai": 0.0,
            "logi_qa": 0.20276497304439545,
            "math_qa": 0.24840764701366425,
            "mmlu": 0.23114608411203352,
            "mmlu_zeroshot": 0.23112359198561885,
            "openbook_qa": 0.24199999868869781,
            "piqa": 0.526115357875824,
            "pubmed_qa_labeled": 0.0,
            "simple_arithmetic_nospaces": 0.0,
            "simple_arithmetic_withspaces": 0.006000000052154064,
            "siqa": 0.48413512110710144,
            "squad": 0.0,
            "winogender_mc_female": 0.46666666865348816,
            "winogender_mc_male": 0.5,
            "winograd": 0.523809552192688,
            "winogrande": 0.5011839270591736
        }
    }
}