{
    "name": "/mnt/task_runtime/dcnlp/eval/heavy",
    "uuid": "2e13a3dd-75b2-4d0a-a805-daaed0a8a0a3",
    "model": "d=96_l=8_h=4",
    "creation_date": "2024_01_29-15_21_15",
    "eval_metrics": {
        "icl": {
            "agi_eval_lsat_ar": 0.22608695924282074,
            "agi_eval_lsat_rc": 0.2761194109916687,
            "agi_eval_lsat_lr": 0.27843138575553894,
            "agi_eval_sat_en": 0.3009708821773529,
            "arc_easy": 0.2554713785648346,
            "arc_challenge": 0.22525596618652344,
            "bbq": 0.49599273096431384,
            "bigbench_conceptual_combinations": 0.26213592290878296,
            "bigbench_conlang_translation": 0.0,
            "bigbench_cs_algorithms": 0.0,
            "bigbench_dyck_languages": 0.0,
            "bigbench_elementary_math_qa": 0.2683176100254059,
            "bigbench_misconceptions": 0.5205479264259338,
            "bigbench_language_identification": 0.2502000033855438,
            "bigbench_logical_deduction": 0.2513333261013031,
            "bigbench_novel_concepts": 0.1875,
            "bigbench_operators": 0.03809523954987526,
            "bigbench_repeat_copy_logic": 0.0,
            "bigbench_qa_wikidata": 0.0,
            "bigbench_strange_stories": 0.5632184147834778,
            "bigbench_strategy_qa": 0.5351681709289551,
            "bigbench_understanding_fables": 0.25925925374031067,
            "boolq": 0.3782874643802643,
            "commonsense_qa": 0.1957411915063858,
            "copa": 0.47999998927116394,
            "coqa": 0.0,
            "enterprise_pii_classification": 0.5063328146934509,
            "hellaswag": 0.24367655813694,
            "hellaswag_zeroshot": 0.2443736344575882,
            "jeopardy": 0.0,
            "lambada_openai": 0.0,
            "logi_qa": 0.20276497304439545,
            "math_qa": 0.24840764701366425,
            "mmlu": 0.23116857623844816,
            "mmlu_zeroshot": 0.23116857623844816,
            "openbook_qa": 0.24199999868869781,
            "piqa": 0.5157780051231384,
            "pubmed_qa_labeled": 0.0,
            "simple_arithmetic_nospaces": 0.0,
            "simple_arithmetic_withspaces": 0.0,
            "siqa": 0.48413512110710144,
            "squad": 0.0,
            "winogender_mc_female": 0.550000011920929,
            "winogender_mc_male": 0.4333333373069763,
            "winograd": 0.5201465487480164,
            "winogrande": 0.5098658204078674
        }
    }
}