{
    "name": "/mnt/task_runtime/dcnlp/eval/heavy",
    "uuid": "2916cd99-9a10-4102-b53f-9bae6eb855bc",
    "model": "d=576_l=24_h=8",
    "creation_date": "2024_01_29-19_59_07",
    "eval_metrics": {
        "icl": {
            "agi_eval_lsat_ar": 0.186956524848938,
            "agi_eval_lsat_rc": 0.2238806039094925,
            "agi_eval_lsat_lr": 0.29019609093666077,
            "agi_eval_sat_en": 0.291262149810791,
            "arc_easy": 0.28409090638160706,
            "arc_challenge": 0.19965870678424835,
            "bbq": 0.4630395309491591,
            "bigbench_conceptual_combinations": 0.26213592290878296,
            "bigbench_conlang_translation": 0.0,
            "bigbench_cs_algorithms": 0.35075756907463074,
            "bigbench_dyck_languages": 0.007000000216066837,
            "bigbench_elementary_math_qa": 0.27368971705436707,
            "bigbench_misconceptions": 0.47031962871551514,
            "bigbench_language_identification": 0.2590999901294708,
            "bigbench_logical_deduction": 0.23733332753181458,
            "bigbench_novel_concepts": 0.28125,
            "bigbench_operators": 0.08095238357782364,
            "bigbench_repeat_copy_logic": 0.0,
            "bigbench_qa_wikidata": 0.06190640106797218,
            "bigbench_strange_stories": 0.44252872467041016,
            "bigbench_strategy_qa": 0.479248583316803,
            "bigbench_understanding_fables": 0.3174603283405304,
            "boolq": 0.5015290379524231,
            "commonsense_qa": 0.3161343038082123,
            "copa": 0.44999998807907104,
            "coqa": 0.054365526884794235,
            "enterprise_pii_classification": 0.5042709708213806,
            "hellaswag": 0.2536347210407257,
            "hellaswag_zeroshot": 0.25463056564331055,
            "jeopardy": 0.0,
            "lambada_openai": 0.07141470909118652,
            "logi_qa": 0.2534562349319458,
            "math_qa": 0.25243043899536133,
            "mmlu": 0.24252833125361226,
            "mmlu_zeroshot": 0.23154836344091514,
            "openbook_qa": 0.22200000286102295,
            "piqa": 0.5669205784797668,
            "pubmed_qa_labeled": 0.3889999985694885,
            "simple_arithmetic_nospaces": 0.0,
            "simple_arithmetic_withspaces": 0.004000000189989805,
            "siqa": 0.48976457118988037,
            "squad": 0.0009460737928748131,
            "winogender_mc_female": 0.5166666507720947,
            "winogender_mc_male": 0.4833333194255829,
            "winograd": 0.5201465487480164,
            "winogrande": 0.5027624368667603
        }
    }
}