{
    "name": "/mnt/task_runtime/dcnlp/eval/heavy",
    "uuid": "a0523fe6-9d6c-4967-8998-2ba17c648685",
    "model": "d=1024_l=24_h=8",
    "creation_date": "2024_01_29-15_28_43",
    "eval_metrics": {
        "icl": {
            "agi_eval_lsat_ar": 0.19130434095859528,
            "agi_eval_lsat_rc": 0.2723880708217621,
            "agi_eval_lsat_lr": 0.272549033164978,
            "agi_eval_sat_en": 0.2669903039932251,
            "arc_easy": 0.34343433380126953,
            "arc_challenge": 0.20904436707496643,
            "bbq": 0.4776763617992401,
            "bigbench_conceptual_combinations": 0.27184465527534485,
            "bigbench_conlang_translation": 0.012195121496915817,
            "bigbench_cs_algorithms": 0.40303030610084534,
            "bigbench_dyck_languages": 0.11500000208616257,
            "bigbench_elementary_math_qa": 0.2598794400691986,
            "bigbench_misconceptions": 0.5251141786575317,
            "bigbench_language_identification": 0.24560000002384186,
            "bigbench_logical_deduction": 0.23800000548362732,
            "bigbench_novel_concepts": 0.40625,
            "bigbench_operators": 0.09047619253396988,
            "bigbench_repeat_copy_logic": 0.0,
            "bigbench_qa_wikidata": 0.17784558236598969,
            "bigbench_strange_stories": 0.43103447556495667,
            "bigbench_strategy_qa": 0.4709480106830597,
            "bigbench_understanding_fables": 0.2698412835597992,
            "boolq": 0.6174311637878418,
            "commonsense_qa": 0.25798526406288147,
            "copa": 0.5,
            "coqa": 0.08042089641094208,
            "enterprise_pii_classification": 0.5072165131568909,
            "hellaswag": 0.27404898405075073,
            "hellaswag_zeroshot": 0.27464649081230164,
            "jeopardy": 0.0020928405690938236,
            "lambada_openai": 0.2262759506702423,
            "logi_qa": 0.21966205537319183,
            "math_qa": 0.2497485727071762,
            "mmlu": 0.23878685933978935,
            "mmlu_zeroshot": 0.23167170427347483,
            "openbook_qa": 0.25,
            "piqa": 0.5826985836029053,
            "pubmed_qa_labeled": 0.5400000214576721,
            "simple_arithmetic_nospaces": 0.0020000000949949026,
            "simple_arithmetic_withspaces": 0.004999999888241291,
            "siqa": 0.4969293773174286,
            "squad": 0.002175969770178199,
            "winogender_mc_female": 0.5333333611488342,
            "winogender_mc_male": 0.4000000059604645,
            "winograd": 0.5384615659713745,
            "winogrande": 0.5027624368667603
        }
    }
}