{
    "name": "/mnt/task_runtime/dcnlp/eval/heavy",
    "uuid": "143c1184-ea9f-477c-aa05-b59440b0469b",
    "model": "d=96_l=8_h=4",
    "creation_date": "2024_02_09-21_19_37",
    "eval_metrics": {
        "icl": {
            "agi_eval_lsat_ar": 0.22608695924282074,
            "agi_eval_lsat_rc": 0.2761194109916687,
            "agi_eval_lsat_lr": 0.27843138575553894,
            "agi_eval_sat_en": 0.3009708821773529,
            "arc_easy": 0.2752525210380554,
            "arc_challenge": 0.2081911265850067,
            "bbq": 0.4342402355237441,
            "bigbench_conceptual_combinations": 0.291262149810791,
            "bigbench_conlang_translation": 0.0,
            "bigbench_cs_algorithms": 0.012121211737394333,
            "bigbench_dyck_languages": 0.0,
            "bigbench_elementary_math_qa": 0.2719077467918396,
            "bigbench_misconceptions": 0.5251141786575317,
            "bigbench_language_identification": 0.25,
            "bigbench_logical_deduction": 0.2626666724681854,
            "bigbench_novel_concepts": 0.21875,
            "bigbench_operators": 0.06666667014360428,
            "bigbench_repeat_copy_logic": 0.0,
            "bigbench_qa_wikidata": 0.0,
            "bigbench_strange_stories": 0.5057471394538879,
            "bigbench_strategy_qa": 0.4814329445362091,
            "bigbench_understanding_fables": 0.25925925374031067,
            "boolq": 0.3785932660102844,
            "commonsense_qa": 0.1957411915063858,
            "copa": 0.4399999976158142,
            "coqa": 0.0001252661895705387,
            "enterprise_pii_classification": 0.5063328146934509,
            "hellaswag": 0.23879705369472504,
            "hellaswag_zeroshot": 0.24088826775550842,
            "jeopardy": 0.0,
            "lambada_openai": 0.0017465554410591722,
            "logi_qa": 0.20276497304439545,
            "math_qa": 0.2467314749956131,
            "mmlu": 0.23172179491896377,
            "mmlu_zeroshot": 0.23159354820586087,
            "openbook_qa": 0.21799999475479126,
            "piqa": 0.5353645086288452,
            "pubmed_qa_labeled": 0.0,
            "simple_arithmetic_nospaces": 0.0020000000949949026,
            "simple_arithmetic_withspaces": 0.004999999888241291,
            "siqa": 0.48413512110710144,
            "squad": 0.0,
            "winogender_mc_female": 0.5166666507720947,
            "winogender_mc_male": 0.4333333373069763,
            "winograd": 0.49450549483299255,
            "winogrande": 0.5153906941413879
        }
    }
}