{
    "name": "/mnt/task_runtime/dcnlp/eval/heavy",
    "uuid": "a5c64515-b070-47ab-bece-e4c0c69a3096",
    "model": "d=1024_l=24_h=8",
    "creation_date": "2024_02_12-11_34_40",
    "eval_metrics": {
        "icl": {
            "agi_eval_lsat_ar": 0.208695650100708,
            "agi_eval_lsat_rc": 0.2723880708217621,
            "agi_eval_lsat_lr": 0.25882354378700256,
            "agi_eval_sat_en": 0.22815534472465515,
            "arc_easy": 0.4819023609161377,
            "arc_challenge": 0.24573378264904022,
            "bbq": 0.5129096182909879,
            "bigbench_conceptual_combinations": 0.24271844327449799,
            "bigbench_conlang_translation": 0.018292682245373726,
            "bigbench_cs_algorithms": 0.4477272629737854,
            "bigbench_dyck_languages": 0.12399999797344208,
            "bigbench_elementary_math_qa": 0.24792976677417755,
            "bigbench_misconceptions": 0.4611872136592865,
            "bigbench_language_identification": 0.2581000030040741,
            "bigbench_logical_deduction": 0.27799999713897705,
            "bigbench_novel_concepts": 0.375,
            "bigbench_operators": 0.16190476715564728,
            "bigbench_repeat_copy_logic": 0.0,
            "bigbench_qa_wikidata": 0.5106047987937927,
            "bigbench_strange_stories": 0.477011501789093,
            "bigbench_strategy_qa": 0.5351681709289551,
            "bigbench_understanding_fables": 0.26455026865005493,
            "boolq": 0.50703364610672,
            "commonsense_qa": 0.22276821732521057,
            "copa": 0.6499999761581421,
            "coqa": 0.15846173465251923,
            "enterprise_pii_classification": 0.5172312259674072,
            "hellaswag": 0.45837482810020447,
            "hellaswag_zeroshot": 0.452698677778244,
            "jeopardy": 0.0010841382667422295,
            "lambada_openai": 0.40287211537361145,
            "logi_qa": 0.26728111505508423,
            "math_qa": 0.2537713646888733,
            "mmlu": 0.24224629357718586,
            "mmlu_zeroshot": 0.23388823082572535,
            "openbook_qa": 0.3100000023841858,
            "piqa": 0.7078346014022827,
            "pubmed_qa_labeled": 0.48100000619888306,
            "simple_arithmetic_nospaces": 0.0,
            "simple_arithmetic_withspaces": 0.0,
            "siqa": 0.4933469891548157,
            "squad": 0.1192052960395813,
            "winogender_mc_female": 0.5166666507720947,
            "winogender_mc_male": 0.4833333194255829,
            "winograd": 0.622710645198822,
            "winogrande": 0.5248618721961975
        }
    }
}