{
    "name": "/mnt/task_runtime/dcnlp/eval/heavy",
    "uuid": "59b66227-7385-47b2-a6f2-63f652ed59cc",
    "model": "d=96_l=8_h=4",
    "creation_date": "2024_01_29-21_15_35",
    "eval_metrics": {
        "icl": {
            "agi_eval_lsat_ar": 0.22608695924282074,
            "agi_eval_lsat_rc": 0.2761194109916687,
            "agi_eval_lsat_lr": 0.27843138575553894,
            "agi_eval_sat_en": 0.3009708821773529,
            "arc_easy": 0.2596801221370697,
            "arc_challenge": 0.22184300422668457,
            "bbq": 0.4684696766463193,
            "bigbench_conceptual_combinations": 0.3009708821773529,
            "bigbench_conlang_translation": 0.0,
            "bigbench_cs_algorithms": 0.0,
            "bigbench_dyck_languages": 0.0,
            "bigbench_elementary_math_qa": 0.2687107026576996,
            "bigbench_misconceptions": 0.4794520437717438,
            "bigbench_language_identification": 0.2502000033855438,
            "bigbench_logical_deduction": 0.2619999945163727,
            "bigbench_novel_concepts": 0.1875,
            "bigbench_operators": 0.07619047909975052,
            "bigbench_repeat_copy_logic": 0.0,
            "bigbench_qa_wikidata": 0.0,
            "bigbench_strange_stories": 0.5114942789077759,
            "bigbench_strategy_qa": 0.469637393951416,
            "bigbench_understanding_fables": 0.25925925374031067,
            "boolq": 0.5688073635101318,
            "commonsense_qa": 0.1957411915063858,
            "copa": 0.5,
            "coqa": 0.0,
            "enterprise_pii_classification": 0.49248895049095154,
            "hellaswag": 0.23790082335472107,
            "hellaswag_zeroshot": 0.23869746923446655,
            "jeopardy": 0.0,
            "lambada_openai": 0.000194061707588844,
            "logi_qa": 0.20276497304439545,
            "math_qa": 0.24840764701366425,
            "mmlu": 0.23116857623844816,
            "mmlu_zeroshot": 0.23116857623844816,
            "openbook_qa": 0.23600000143051147,
            "piqa": 0.5293797850608826,
            "pubmed_qa_labeled": 0.0,
            "simple_arithmetic_nospaces": 0.0,
            "simple_arithmetic_withspaces": 0.004000000189989805,
            "siqa": 0.48413512110710144,
            "squad": 0.0,
            "winogender_mc_female": 0.46666666865348816,
            "winogender_mc_male": 0.5166666507720947,
            "winograd": 0.4871794879436493,
            "winogrande": 0.5232833623886108
        }
    }
}