{
    "name": "/mnt/task_runtime/dcnlp/eval/heavy",
    "uuid": "d4297e97-e27e-4c3b-93a8-d7e25ac21510",
    "model": "d=1024_l=24_h=8",
    "creation_date": "2024_02_12-09_18_48",
    "eval_metrics": {
        "icl": {
            "agi_eval_lsat_ar": 0.19130434095859528,
            "agi_eval_lsat_rc": 0.21641790866851807,
            "agi_eval_lsat_lr": 0.25882354378700256,
            "agi_eval_sat_en": 0.19417475163936615,
            "arc_easy": 0.4524410665035248,
            "arc_challenge": 0.2397610992193222,
            "bbq": 0.4879861988804557,
            "bigbench_conceptual_combinations": 0.26213592290878296,
            "bigbench_conlang_translation": 0.012195121496915817,
            "bigbench_cs_algorithms": 0.459090918302536,
            "bigbench_dyck_languages": 0.23100000619888306,
            "bigbench_elementary_math_qa": 0.23912474513053894,
            "bigbench_misconceptions": 0.5022830963134766,
            "bigbench_language_identification": 0.2554999887943268,
            "bigbench_logical_deduction": 0.24799999594688416,
            "bigbench_novel_concepts": 0.34375,
            "bigbench_operators": 0.18095238506793976,
            "bigbench_repeat_copy_logic": 0.03125,
            "bigbench_qa_wikidata": 0.4798484444618225,
            "bigbench_strange_stories": 0.44252872467041016,
            "bigbench_strategy_qa": 0.4879860281944275,
            "bigbench_understanding_fables": 0.25925925374031067,
            "boolq": 0.5051987767219543,
            "commonsense_qa": 0.28091728687286377,
            "copa": 0.6299999952316284,
            "coqa": 0.15182262659072876,
            "enterprise_pii_classification": 0.5033873319625854,
            "hellaswag": 0.34534952044487,
            "hellaswag_zeroshot": 0.3420633375644684,
            "jeopardy": 0.00945174815133214,
            "lambada_openai": 0.38579466938972473,
            "logi_qa": 0.2457757294178009,
            "math_qa": 0.24740193784236908,
            "mmlu": 0.2401513776235413,
            "mmlu_zeroshot": 0.2357229679300074,
            "openbook_qa": 0.2879999876022339,
            "piqa": 0.6447225213050842,
            "pubmed_qa_labeled": 0.453000009059906,
            "simple_arithmetic_nospaces": 0.003000000026077032,
            "simple_arithmetic_withspaces": 0.003000000026077032,
            "siqa": 0.5040941834449768,
            "squad": 0.06584673374891281,
            "winogender_mc_female": 0.4333333373069763,
            "winogender_mc_male": 0.4833333194255829,
            "winograd": 0.622710645198822,
            "winogrande": 0.5161799788475037
        }
    }
}