{
    "name": "/mnt/task_runtime/dcnlp/eval/heavy",
    "uuid": "b02955e2-f4a3-429a-8458-efc4d4c3d8d7",
    "model": "d=1024_l=24_h=8",
    "creation_date": "2024_02_12-08_44_57",
    "eval_metrics": {
        "icl": {
            "agi_eval_lsat_ar": 0.16521738469600677,
            "agi_eval_lsat_rc": 0.26119402050971985,
            "agi_eval_lsat_lr": 0.26862746477127075,
            "agi_eval_sat_en": 0.291262149810791,
            "arc_easy": 0.558501660823822,
            "arc_challenge": 0.282423198223114,
            "bbq": 0.46040007201108063,
            "bigbench_conceptual_combinations": 0.24271844327449799,
            "bigbench_conlang_translation": 0.018292682245373726,
            "bigbench_cs_algorithms": 0.45075756311416626,
            "bigbench_dyck_languages": 0.14499999582767487,
            "bigbench_elementary_math_qa": 0.24174527823925018,
            "bigbench_misconceptions": 0.4611872136592865,
            "bigbench_language_identification": 0.2529999911785126,
            "bigbench_logical_deduction": 0.2446666657924652,
            "bigbench_novel_concepts": 0.375,
            "bigbench_operators": 0.190476194024086,
            "bigbench_repeat_copy_logic": 0.03125,
            "bigbench_qa_wikidata": 0.5826976895332336,
            "bigbench_strange_stories": 0.517241358757019,
            "bigbench_strategy_qa": 0.4884229004383087,
            "bigbench_understanding_fables": 0.26455026865005493,
            "boolq": 0.590519905090332,
            "commonsense_qa": 0.21130220592021942,
            "copa": 0.6800000071525574,
            "coqa": 0.25216084718704224,
            "enterprise_pii_classification": 0.49985271692276,
            "hellaswag": 0.5168293118476868,
            "hellaswag_zeroshot": 0.5198167562484741,
            "jeopardy": 0.12735132798552512,
            "lambada_openai": 0.4905880093574524,
            "logi_qa": 0.27496159076690674,
            "math_qa": 0.26181694865226746,
            "mmlu": 0.2409873808685102,
            "mmlu_zeroshot": 0.23807243793679958,
            "openbook_qa": 0.335999995470047,
            "piqa": 0.707290530204773,
            "pubmed_qa_labeled": 0.3970000147819519,
            "simple_arithmetic_nospaces": 0.0020000000949949026,
            "simple_arithmetic_withspaces": 0.006000000052154064,
            "siqa": 0.4918116629123688,
            "squad": 0.31854304671287537,
            "winogender_mc_female": 0.4333333373069763,
            "winogender_mc_male": 0.5666666626930237,
            "winograd": 0.7179487347602844,
            "winogrande": 0.5556432604789734
        }
    }
}