{
    "name": "/mnt/task_runtime/dcnlp/eval/heavy",
    "uuid": "34d5c225-c5c2-4922-b90c-fe5a0cb50b27",
    "model": "d=512_l=8_h=4",
    "creation_date": "2024_01_29-15_36_26",
    "eval_metrics": {
        "icl": {
            "agi_eval_lsat_ar": 0.16956521570682526,
            "agi_eval_lsat_rc": 0.2723880708217621,
            "agi_eval_lsat_lr": 0.2666666805744171,
            "agi_eval_sat_en": 0.29611650109291077,
            "arc_easy": 0.28409090638160706,
            "arc_challenge": 0.22696246206760406,
            "bbq": 0.46683539856563916,
            "bigbench_conceptual_combinations": 0.20388349890708923,
            "bigbench_conlang_translation": 0.0,
            "bigbench_cs_algorithms": 0.12348484992980957,
            "bigbench_dyck_languages": 0.03400000184774399,
            "bigbench_elementary_math_qa": 0.27075472474098206,
            "bigbench_misconceptions": 0.4885844886302948,
            "bigbench_language_identification": 0.2493000030517578,
            "bigbench_logical_deduction": 0.24133333563804626,
            "bigbench_novel_concepts": 0.28125,
            "bigbench_operators": 0.08095238357782364,
            "bigbench_repeat_copy_logic": 0.0,
            "bigbench_qa_wikidata": 0.03006741777062416,
            "bigbench_strange_stories": 0.4367816150188446,
            "bigbench_strategy_qa": 0.5080821514129639,
            "bigbench_understanding_fables": 0.28042328357696533,
            "boolq": 0.6223241686820984,
            "commonsense_qa": 0.2432432472705841,
            "copa": 0.4399999976158142,
            "coqa": 0.0256795696914196,
            "enterprise_pii_classification": 0.48306334018707275,
            "hellaswag": 0.25662219524383545,
            "hellaswag_zeroshot": 0.2585142254829407,
            "jeopardy": 0.0,
            "lambada_openai": 0.08693964779376984,
            "logi_qa": 0.21966205537319183,
            "math_qa": 0.24907810986042023,
            "mmlu": 0.23806446006423548,
            "mmlu_zeroshot": 0.23133255149188794,
            "openbook_qa": 0.2240000069141388,
            "piqa": 0.5538628697395325,
            "pubmed_qa_labeled": 0.49000000953674316,
            "simple_arithmetic_nospaces": 0.0,
            "simple_arithmetic_withspaces": 0.0010000000474974513,
            "siqa": 0.5056294798851013,
            "squad": 0.001135288504883647,
            "winogender_mc_female": 0.5333333611488342,
            "winogender_mc_male": 0.5,
            "winograd": 0.5274725556373596,
            "winogrande": 0.5043409466743469
        }
    }
}