{
    "name": "/mnt/task_runtime/dcnlp/eval/heavy",
    "uuid": "969f6266-14be-4275-b2ae-efae5c948491",
    "model": "d=512_l=8_h=4",
    "creation_date": "2024_02_12-16_07_34",
    "eval_metrics": {
        "icl": {
            "agi_eval_lsat_ar": 0.21739129722118378,
            "agi_eval_lsat_rc": 0.28358209133148193,
            "agi_eval_lsat_lr": 0.2803921699523926,
            "agi_eval_sat_en": 0.3009708821773529,
            "arc_easy": 0.2723063826560974,
            "arc_challenge": 0.19795222580432892,
            "bbq": 0.4402878826314753,
            "bigbench_conceptual_combinations": 0.28155338764190674,
            "bigbench_conlang_translation": 0.0,
            "bigbench_cs_algorithms": 0.0007575757335871458,
            "bigbench_dyck_languages": 0.0,
            "bigbench_elementary_math_qa": 0.26983752846717834,
            "bigbench_misconceptions": 0.5296803712844849,
            "bigbench_language_identification": 0.24619999527931213,
            "bigbench_logical_deduction": 0.26733332872390747,
            "bigbench_novel_concepts": 0.28125,
            "bigbench_operators": 0.03333333507180214,
            "bigbench_repeat_copy_logic": 0.0,
            "bigbench_qa_wikidata": 0.0009349933825433254,
            "bigbench_strange_stories": 0.4597701132297516,
            "bigbench_strategy_qa": 0.4674530327320099,
            "bigbench_understanding_fables": 0.25925925374031067,
            "boolq": 0.5966360569000244,
            "commonsense_qa": 0.26535627245903015,
            "copa": 0.4300000071525574,
            "coqa": 0.0002505323791410774,
            "enterprise_pii_classification": 0.4636229872703552,
            "hellaswag": 0.24397529661655426,
            "hellaswag_zeroshot": 0.24586735665798187,
            "jeopardy": 0.0,
            "lambada_openai": 0.011061517521739006,
            "logi_qa": 0.20276497304439545,
            "math_qa": 0.24203822016716003,
            "mmlu": 0.23512503478610725,
            "mmlu_zeroshot": 0.2312080235334865,
            "openbook_qa": 0.2240000069141388,
            "piqa": 0.5478781461715698,
            "pubmed_qa_labeled": 0.0,
            "simple_arithmetic_nospaces": 0.0,
            "simple_arithmetic_withspaces": 0.0010000000474974513,
            "siqa": 0.5056294798851013,
            "squad": 0.0,
            "winogender_mc_female": 0.44999998807907104,
            "winogender_mc_male": 0.5666666626930237,
            "winograd": 0.5054945349693298,
            "winogrande": 0.4988161027431488
        }
    }
}