{
    "name": "/mnt/task_runtime/dcnlp/eval/heavy",
    "uuid": "975535c7-046c-4f8b-a8cc-946069f7d0cd",
    "model": "open_lm_1b",
    "creation_date": "2024_02_15-17_51_30",
    "eval_metrics": {
        "icl": {
            "agi_eval_lsat_ar": 0.27826085686683655,
            "agi_eval_lsat_rc": 0.2537313401699066,
            "agi_eval_lsat_lr": 0.22156862914562225,
            "agi_eval_sat_en": 0.23786407709121704,
            "arc_easy": 0.6548821330070496,
            "arc_challenge": 0.355802059173584,
            "bbq": 0.4711201705715873,
            "bigbench_conceptual_combinations": 0.3106796145439148,
            "bigbench_conlang_translation": 0.04268292710185051,
            "bigbench_cs_algorithms": 0.40909090638160706,
            "bigbench_dyck_languages": 0.20499999821186066,
            "bigbench_elementary_math_qa": 0.2310272604227066,
            "bigbench_misconceptions": 0.5388127565383911,
            "bigbench_language_identification": 0.2549000084400177,
            "bigbench_logical_deduction": 0.2626666724681854,
            "bigbench_novel_concepts": 0.5,
            "bigbench_operators": 0.190476194024086,
            "bigbench_repeat_copy_logic": 0.15625,
            "bigbench_qa_wikidata": 0.6635500192642212,
            "bigbench_strange_stories": 0.5804597735404968,
            "bigbench_strategy_qa": 0.5508955717086792,
            "bigbench_understanding_fables": 0.24867725372314453,
            "boolq": 0.642201840877533,
            "commonsense_qa": 0.22522522509098053,
            "copa": 0.7099999785423279,
            "coqa": 0.36652886867523193,
            "enterprise_pii_classification": 0.5446244478225708,
            "hellaswag": 0.6784505248069763,
            "hellaswag_zeroshot": 0.6758613586425781,
            "jeopardy": 0.33799571394920347,
            "lambada_openai": 0.6155637502670288,
            "logi_qa": 0.25806450843811035,
            "math_qa": 0.24874287843704224,
            "mmlu": 0.2718183914558929,
            "mmlu_zeroshot": 0.2672882937548453,
            "openbook_qa": 0.4000000059604645,
            "piqa": 0.7627856135368347,
            "pubmed_qa_labeled": 0.4350000023841858,
            "simple_arithmetic_nospaces": 0.012000000104308128,
            "simple_arithmetic_withspaces": 0.017000000923871994,
            "siqa": 0.4964176118373871,
            "squad": 0.47473981976509094,
            "winogender_mc_female": 0.36666667461395264,
            "winogender_mc_male": 0.4833333194255829,
            "winograd": 0.8168498277664185,
            "winogrande": 0.6353591084480286
        }
    }
}