{
    "name": "/mnt/task_runtime/dcnlp/eval/heavy",
    "uuid": "6856c785-7b57-48a9-9edd-5d2d0096945f",
    "model": "d=96_l=8_h=4",
    "creation_date": "2024_02_13-12_51_37",
    "eval_metrics": {
        "icl": {
            "agi_eval_lsat_ar": 0.22608695924282074,
            "agi_eval_lsat_rc": 0.2761194109916687,
            "agi_eval_lsat_lr": 0.272549033164978,
            "agi_eval_sat_en": 0.3009708821773529,
            "arc_easy": 0.27693602442741394,
            "arc_challenge": 0.207337886095047,
            "bbq": 0.41178288513963873,
            "bigbench_conceptual_combinations": 0.223300963640213,
            "bigbench_conlang_translation": 0.0,
            "bigbench_cs_algorithms": 0.01666666753590107,
            "bigbench_dyck_languages": 0.0020000000949949026,
            "bigbench_elementary_math_qa": 0.27568134665489197,
            "bigbench_misconceptions": 0.47488585114479065,
            "bigbench_language_identification": 0.2484000027179718,
            "bigbench_logical_deduction": 0.25866666436195374,
            "bigbench_novel_concepts": 0.15625,
            "bigbench_operators": 0.06190476194024086,
            "bigbench_repeat_copy_logic": 0.0,
            "bigbench_qa_wikidata": 0.00206682737916708,
            "bigbench_strange_stories": 0.5057471394538879,
            "bigbench_strategy_qa": 0.5137614607810974,
            "bigbench_understanding_fables": 0.28042328357696533,
            "boolq": 0.3782874643802643,
            "commonsense_qa": 0.26371827721595764,
            "copa": 0.4399999976158142,
            "coqa": 0.0008768633124418557,
            "enterprise_pii_classification": 0.5030927658081055,
            "hellaswag": 0.24855606257915497,
            "hellaswag_zeroshot": 0.2518422603607178,
            "jeopardy": 0.0,
            "lambada_openai": 0.010673394426703453,
            "logi_qa": 0.19969278573989868,
            "math_qa": 0.23768018186092377,
            "mmlu": 0.23490820302252183,
            "mmlu_zeroshot": 0.23116857623844816,
            "openbook_qa": 0.24400000274181366,
            "piqa": 0.5435255765914917,
            "pubmed_qa_labeled": 0.0,
            "simple_arithmetic_nospaces": 0.0020000000949949026,
            "simple_arithmetic_withspaces": 0.0010000000474974513,
            "siqa": 0.4948822855949402,
            "squad": 0.00037842951132915914,
            "winogender_mc_female": 0.5,
            "winogender_mc_male": 0.5,
            "winograd": 0.523809552192688,
            "winogrande": 0.5169692039489746
        }
    }
}