{
    "name": "/mnt/task_runtime/dcnlp/eval/heavy",
    "uuid": "679f8d87-9617-49cb-860a-2c5f7ec1a40f",
    "model": "d=96_l=8_h=4",
    "creation_date": "2024_01_29-19_31_26",
    "eval_metrics": {
        "icl": {
            "agi_eval_lsat_ar": 0.21739129722118378,
            "agi_eval_lsat_rc": 0.2761194109916687,
            "agi_eval_lsat_lr": 0.27843138575553894,
            "agi_eval_sat_en": 0.3009708821773529,
            "arc_easy": 0.283670037984848,
            "arc_challenge": 0.20136518776416779,
            "bbq": 0.4367959770289334,
            "bigbench_conceptual_combinations": 0.26213592290878296,
            "bigbench_conlang_translation": 0.0,
            "bigbench_cs_algorithms": 0.29924243688583374,
            "bigbench_dyck_languages": 0.08699999749660492,
            "bigbench_elementary_math_qa": 0.2687107026576996,
            "bigbench_misconceptions": 0.4885844886302948,
            "bigbench_language_identification": 0.25130000710487366,
            "bigbench_logical_deduction": 0.24933333694934845,
            "bigbench_novel_concepts": 0.3125,
            "bigbench_operators": 0.0714285746216774,
            "bigbench_repeat_copy_logic": 0.0,
            "bigbench_qa_wikidata": 0.02002854272723198,
            "bigbench_strange_stories": 0.44252872467041016,
            "bigbench_strategy_qa": 0.5028396844863892,
            "bigbench_understanding_fables": 0.2857142984867096,
            "boolq": 0.5626911520957947,
            "commonsense_qa": 0.26535627245903015,
            "copa": 0.4300000071525574,
            "coqa": 0.01728673465549946,
            "enterprise_pii_classification": 0.5089837908744812,
            "hellaswag": 0.25592511892318726,
            "hellaswag_zeroshot": 0.25791674852371216,
            "jeopardy": 0.0,
            "lambada_openai": 0.05084417015314102,
            "logi_qa": 0.23655913770198822,
            "math_qa": 0.24237345159053802,
            "mmlu": 0.2404549834236764,
            "mmlu_zeroshot": 0.23116048699931094,
            "openbook_qa": 0.23399999737739563,
            "piqa": 0.5658324360847473,
            "pubmed_qa_labeled": 0.08500000089406967,
            "simple_arithmetic_nospaces": 0.00800000037997961,
            "simple_arithmetic_withspaces": 0.003000000026077032,
            "siqa": 0.5030706524848938,
            "squad": 0.0005676442524418235,
            "winogender_mc_female": 0.46666666865348816,
            "winogender_mc_male": 0.550000011920929,
            "winograd": 0.5164835453033447,
            "winogrande": 0.5146014094352722
        }
    }
}