{
    "name": "/mnt/task_runtime/dcnlp/eval/heavy",
    "uuid": "a1bc6ae8-0125-4ca0-82ce-43cc7f96465b",
    "model": "d=96_l=8_h=4",
    "creation_date": "2024_01_29-20_25_03",
    "eval_metrics": {
        "icl": {
            "agi_eval_lsat_ar": 0.22173912823200226,
            "agi_eval_lsat_rc": 0.2761194109916687,
            "agi_eval_lsat_lr": 0.27843138575553894,
            "agi_eval_sat_en": 0.3009708821773529,
            "arc_easy": 0.2861952781677246,
            "arc_challenge": 0.20563140511512756,
            "bbq": 0.43121781945228577,
            "bigbench_conceptual_combinations": 0.26213592290878296,
            "bigbench_conlang_translation": 0.0,
            "bigbench_cs_algorithms": 0.10454545170068741,
            "bigbench_dyck_languages": 0.02199999988079071,
            "bigbench_elementary_math_qa": 0.2646488547325134,
            "bigbench_misconceptions": 0.4885844886302948,
            "bigbench_language_identification": 0.25360000133514404,
            "bigbench_logical_deduction": 0.2613333463668823,
            "bigbench_novel_concepts": 0.34375,
            "bigbench_operators": 0.09047619253396988,
            "bigbench_repeat_copy_logic": 0.0,
            "bigbench_qa_wikidata": 0.013582008890807629,
            "bigbench_strange_stories": 0.4482758641242981,
            "bigbench_strategy_qa": 0.5102664828300476,
            "bigbench_understanding_fables": 0.25925925374031067,
            "boolq": 0.3782874643802643,
            "commonsense_qa": 0.23669123649597168,
            "copa": 0.4000000059604645,
            "coqa": 0.0,
            "enterprise_pii_classification": 0.5092783570289612,
            "hellaswag": 0.24935272336006165,
            "hellaswag_zeroshot": 0.2511451840400696,
            "jeopardy": 0.0005361930467188359,
            "lambada_openai": 0.025810208171606064,
            "logi_qa": 0.20276497304439545,
            "math_qa": 0.24404960870742798,
            "mmlu": 0.23305184773185797,
            "mmlu_zeroshot": 0.23143000874603004,
            "openbook_qa": 0.22200000286102295,
            "piqa": 0.5565832257270813,
            "pubmed_qa_labeled": 0.0,
            "simple_arithmetic_nospaces": 0.0020000000949949026,
            "simple_arithmetic_withspaces": 0.004000000189989805,
            "siqa": 0.48720574378967285,
            "squad": 0.0007568590226583183,
            "winogender_mc_female": 0.5,
            "winogender_mc_male": 0.5833333134651184,
            "winograd": 0.5054945349693298,
            "winogrande": 0.5209155678749084
        }
    }
}