{
    "name": "/mnt/task_runtime/dcnlp/eval/heavy",
    "uuid": "92a32b48-5ea1-453e-83eb-d9a592778df1",
    "model": "d=512_l=8_h=4",
    "creation_date": "2024_01_29-19_46_05",
    "eval_metrics": {
        "icl": {
            "agi_eval_lsat_ar": 0.22608695924282074,
            "agi_eval_lsat_rc": 0.2761194109916687,
            "agi_eval_lsat_lr": 0.27843138575553894,
            "agi_eval_sat_en": 0.3009708821773529,
            "arc_easy": 0.26473063230514526,
            "arc_challenge": 0.21587030589580536,
            "bbq": 0.44819845123724505,
            "bigbench_conceptual_combinations": 0.3009708821773529,
            "bigbench_conlang_translation": 0.0,
            "bigbench_cs_algorithms": 0.012878787703812122,
            "bigbench_dyck_languages": 0.004000000189989805,
            "bigbench_elementary_math_qa": 0.26501572132110596,
            "bigbench_misconceptions": 0.4885844886302948,
            "bigbench_language_identification": 0.2522999942302704,
            "bigbench_logical_deduction": 0.257999986410141,
            "bigbench_novel_concepts": 0.21875,
            "bigbench_operators": 0.0714285746216774,
            "bigbench_repeat_copy_logic": 0.0,
            "bigbench_qa_wikidata": 0.0,
            "bigbench_strange_stories": 0.5,
            "bigbench_strategy_qa": 0.5255570411682129,
            "bigbench_understanding_fables": 0.26455026865005493,
            "boolq": 0.3782874643802643,
            "commonsense_qa": 0.2203112244606018,
            "copa": 0.4699999988079071,
            "coqa": 0.0032569209579378366,
            "enterprise_pii_classification": 0.5063328146934509,
            "hellaswag": 0.24337781965732574,
            "hellaswag_zeroshot": 0.24845647811889648,
            "jeopardy": 0.0,
            "lambada_openai": 0.003104987321421504,
            "logi_qa": 0.20276497304439545,
            "math_qa": 0.24941334128379822,
            "mmlu": 0.23290939537579552,
            "mmlu_zeroshot": 0.23198364126054863,
            "openbook_qa": 0.23999999463558197,
            "piqa": 0.5413492918014526,
            "pubmed_qa_labeled": 0.0,
            "simple_arithmetic_nospaces": 0.003000000026077032,
            "simple_arithmetic_withspaces": 0.004999999888241291,
            "siqa": 0.48567041754722595,
            "squad": 9.460737783228979e-05,
            "winogender_mc_female": 0.46666666865348816,
            "winogender_mc_male": 0.5,
            "winograd": 0.5091575384140015,
            "winogrande": 0.4964483082294464
        }
    }
}