{
    "name": "/mnt/task_runtime/dcnlp/eval/heavy",
    "uuid": "e6ce8db3-6ba1-49dd-b80e-6b25b733655d",
    "model": "d=1024_l=24_h=8",
    "creation_date": "2024_01_29-13_46_05",
    "eval_metrics": {
        "icl": {
            "agi_eval_lsat_ar": 0.22608695924282074,
            "agi_eval_lsat_rc": 0.23507462441921234,
            "agi_eval_lsat_lr": 0.26862746477127075,
            "agi_eval_sat_en": 0.2669903039932251,
            "arc_easy": 0.36868685483932495,
            "arc_challenge": 0.23208190500736237,
            "bbq": 0.4649944684722207,
            "bigbench_conceptual_combinations": 0.2330097109079361,
            "bigbench_conlang_translation": 0.0,
            "bigbench_cs_algorithms": 0.3954545557498932,
            "bigbench_dyck_languages": 0.06499999761581421,
            "bigbench_elementary_math_qa": 0.25993186235427856,
            "bigbench_misconceptions": 0.45205479860305786,
            "bigbench_language_identification": 0.25220000743865967,
            "bigbench_logical_deduction": 0.23866666853427887,
            "bigbench_novel_concepts": 0.21875,
            "bigbench_operators": 0.0714285746216774,
            "bigbench_repeat_copy_logic": 0.0,
            "bigbench_qa_wikidata": 0.3101225197315216,
            "bigbench_strange_stories": 0.477011501789093,
            "bigbench_strategy_qa": 0.5010921955108643,
            "bigbench_understanding_fables": 0.30687829852104187,
            "boolq": 0.567889928817749,
            "commonsense_qa": 0.2538902461528778,
            "copa": 0.6299999952316284,
            "coqa": 0.05060753971338272,
            "enterprise_pii_classification": 0.4995581805706024,
            "hellaswag": 0.3222465515136719,
            "hellaswag_zeroshot": 0.3226448893547058,
            "jeopardy": 0.0,
            "lambada_openai": 0.2691636085510254,
            "logi_qa": 0.21966205537319183,
            "math_qa": 0.24069727957248688,
            "mmlu": 0.2410517077435527,
            "mmlu_zeroshot": 0.23183336644841915,
            "openbook_qa": 0.28999999165534973,
            "piqa": 0.6420021653175354,
            "pubmed_qa_labeled": 0.4740000069141388,
            "simple_arithmetic_nospaces": 0.0020000000949949026,
            "simple_arithmetic_withspaces": 0.003000000026077032,
            "siqa": 0.48208802938461304,
            "squad": 0.004824976436793804,
            "winogender_mc_female": 0.38333332538604736,
            "winogender_mc_male": 0.5666666626930237,
            "winograd": 0.6043956279754639,
            "winogrande": 0.518547773361206
        }
    }
}