{
    "name": "/mnt/task_runtime/dcnlp/eval/heavy",
    "uuid": "ec9b078b-4dc3-4f3b-bcf1-4376d1abb5a8",
    "model": "d=576_l=24_h=8",
    "creation_date": "2024_02_12-22_05_15",
    "eval_metrics": {
        "icl": {
            "agi_eval_lsat_ar": 0.19565217196941376,
            "agi_eval_lsat_rc": 0.26119402050971985,
            "agi_eval_lsat_lr": 0.2666666805744171,
            "agi_eval_sat_en": 0.21844659745693207,
            "arc_easy": 0.4040403962135315,
            "arc_challenge": 0.23037542402744293,
            "bbq": 0.5105595128102736,
            "bigbench_conceptual_combinations": 0.2330097109079361,
            "bigbench_conlang_translation": 0.012195121496915817,
            "bigbench_cs_algorithms": 0.4371212124824524,
            "bigbench_dyck_languages": 0.12600000202655792,
            "bigbench_elementary_math_qa": 0.25980085134506226,
            "bigbench_misconceptions": 0.47031962871551514,
            "bigbench_language_identification": 0.2542000114917755,
            "bigbench_logical_deduction": 0.2666666805744171,
            "bigbench_novel_concepts": 0.34375,
            "bigbench_operators": 0.13809524476528168,
            "bigbench_repeat_copy_logic": 0.03125,
            "bigbench_qa_wikidata": 0.3620392680168152,
            "bigbench_strange_stories": 0.4655172526836395,
            "bigbench_strategy_qa": 0.5028396844863892,
            "bigbench_understanding_fables": 0.24338623881340027,
            "boolq": 0.6110091805458069,
            "commonsense_qa": 0.2964783012866974,
            "copa": 0.6399999856948853,
            "coqa": 0.10046348720788956,
            "enterprise_pii_classification": 0.508100152015686,
            "hellaswag": 0.35022902488708496,
            "hellaswag_zeroshot": 0.35222068428993225,
            "jeopardy": 0.0014925541821867228,
            "lambada_openai": 0.3103046715259552,
            "logi_qa": 0.2304147481918335,
            "math_qa": 0.25108951330184937,
            "mmlu": 0.23882757937699034,
            "mmlu_zeroshot": 0.23187061124726346,
            "openbook_qa": 0.2980000078678131,
            "piqa": 0.6528835892677307,
            "pubmed_qa_labeled": 0.5299999713897705,
            "simple_arithmetic_nospaces": 0.0020000000949949026,
            "simple_arithmetic_withspaces": 0.0020000000949949026,
            "siqa": 0.4918116629123688,
            "squad": 0.023178808391094208,
            "winogender_mc_female": 0.4333333373069763,
            "winogender_mc_male": 0.5333333611488342,
            "winograd": 0.5677655935287476,
            "winogrande": 0.518547773361206
        }
    }
}