{
    "name": "/mnt/task_runtime/dcnlp/eval/heavy",
    "uuid": "ffc7a5f2-0d1a-4d40-836a-bb60bdf088ff",
    "model": "d=576_l=24_h=8",
    "creation_date": "2024_01_29-20_11_11",
    "eval_metrics": {
        "icl": {
            "agi_eval_lsat_ar": 0.208695650100708,
            "agi_eval_lsat_rc": 0.23880596458911896,
            "agi_eval_lsat_lr": 0.27450981736183167,
            "agi_eval_sat_en": 0.22815534472465515,
            "arc_easy": 0.405303031206131,
            "arc_challenge": 0.23634812235832214,
            "bbq": 0.4619724019007249,
            "bigbench_conceptual_combinations": 0.26213592290878296,
            "bigbench_conlang_translation": 0.012195121496915817,
            "bigbench_cs_algorithms": 0.4007575809955597,
            "bigbench_dyck_languages": 0.2199999988079071,
            "bigbench_elementary_math_qa": 0.2542714774608612,
            "bigbench_misconceptions": 0.456620991230011,
            "bigbench_language_identification": 0.2515000104904175,
            "bigbench_logical_deduction": 0.2653333246707916,
            "bigbench_novel_concepts": 0.375,
            "bigbench_operators": 0.1666666716337204,
            "bigbench_repeat_copy_logic": 0.0,
            "bigbench_qa_wikidata": 0.3841346502304077,
            "bigbench_strange_stories": 0.4597701132297516,
            "bigbench_strategy_qa": 0.46177369356155396,
            "bigbench_understanding_fables": 0.2539682686328888,
            "boolq": 0.5351681709289551,
            "commonsense_qa": 0.29893529415130615,
            "copa": 0.5799999833106995,
            "coqa": 0.1162470281124115,
            "enterprise_pii_classification": 0.49396172165870667,
            "hellaswag": 0.30780720710754395,
            "hellaswag_zeroshot": 0.30720973014831543,
            "jeopardy": 0.008727436885237694,
            "lambada_openai": 0.32893460988998413,
            "logi_qa": 0.25038403272628784,
            "math_qa": 0.25913509726524353,
            "mmlu": 0.24091230764200813,
            "mmlu_zeroshot": 0.23258835338709646,
            "openbook_qa": 0.2720000147819519,
            "piqa": 0.6175190210342407,
            "pubmed_qa_labeled": 0.5070000290870667,
            "simple_arithmetic_nospaces": 0.0,
            "simple_arithmetic_withspaces": 0.0,
            "siqa": 0.5051177144050598,
            "squad": 0.025638598948717117,
            "winogender_mc_female": 0.46666666865348816,
            "winogender_mc_male": 0.4333333373069763,
            "winograd": 0.5677655935287476,
            "winogrande": 0.5153906941413879
        }
    }
}