{
    "name": "/mnt/task_runtime/dcnlp/eval/heavy",
    "uuid": "33ba0446-b078-47ae-b0bd-87363d807696",
    "model": "d=1024_l=24_h=8",
    "creation_date": "2024_01_29-19_48_59",
    "eval_metrics": {
        "icl": {
            "agi_eval_lsat_ar": 0.2347826063632965,
            "agi_eval_lsat_rc": 0.2238806039094925,
            "agi_eval_lsat_lr": 0.2764706015586853,
            "agi_eval_sat_en": 0.2330097109079361,
            "arc_easy": 0.42592594027519226,
            "arc_challenge": 0.2346416413784027,
            "bbq": 0.46973240104588593,
            "bigbench_conceptual_combinations": 0.21359223127365112,
            "bigbench_conlang_translation": 0.012195121496915817,
            "bigbench_cs_algorithms": 0.3962121307849884,
            "bigbench_dyck_languages": 0.11900000274181366,
            "bigbench_elementary_math_qa": 0.2535901367664337,
            "bigbench_misconceptions": 0.4931506812572479,
            "bigbench_language_identification": 0.25690001249313354,
            "bigbench_logical_deduction": 0.25066667795181274,
            "bigbench_novel_concepts": 0.375,
            "bigbench_operators": 0.14761905372142792,
            "bigbench_repeat_copy_logic": 0.0,
            "bigbench_qa_wikidata": 0.3997834622859955,
            "bigbench_strange_stories": 0.48275861144065857,
            "bigbench_strategy_qa": 0.5058977603912354,
            "bigbench_understanding_fables": 0.25925925374031067,
            "boolq": 0.6036697030067444,
            "commonsense_qa": 0.2694512605667114,
            "copa": 0.5600000023841858,
            "coqa": 0.12476512789726257,
            "enterprise_pii_classification": 0.49926361441612244,
            "hellaswag": 0.3393746316432953,
            "hellaswag_zeroshot": 0.3417645990848541,
            "jeopardy": 0.001376529224216938,
            "lambada_openai": 0.33048710227012634,
            "logi_qa": 0.25806450843811035,
            "math_qa": 0.24438484013080597,
            "mmlu": 0.24322628896487386,
            "mmlu_zeroshot": 0.2338312014675977,
            "openbook_qa": 0.27799999713897705,
            "piqa": 0.6664853096008301,
            "pubmed_qa_labeled": 0.4429999887943268,
            "simple_arithmetic_nospaces": 0.0020000000949949026,
            "simple_arithmetic_withspaces": 0.0,
            "siqa": 0.48720574378967285,
            "squad": 0.049479659646749496,
            "winogender_mc_female": 0.5,
            "winogender_mc_male": 0.4833333194255829,
            "winograd": 0.5787546038627625,
            "winogrande": 0.5114443302154541
        }
    }
}