{
    "name": "/mnt/task_runtime/dcnlp/eval/heavy",
    "uuid": "2e6d501e-50ab-4175-b7c7-3a9a262722e9",
    "model": "d=512_l=8_h=4",
    "creation_date": "2024_01_29-16_17_37",
    "eval_metrics": {
        "icl": {
            "agi_eval_lsat_ar": 0.208695650100708,
            "agi_eval_lsat_rc": 0.2798507511615753,
            "agi_eval_lsat_lr": 0.2705882489681244,
            "agi_eval_sat_en": 0.3009708821773529,
            "arc_easy": 0.2781986594200134,
            "arc_challenge": 0.19880546629428864,
            "bbq": 0.4535744975913655,
            "bigbench_conceptual_combinations": 0.291262149810791,
            "bigbench_conlang_translation": 0.0,
            "bigbench_cs_algorithms": 0.010606060735881329,
            "bigbench_dyck_languages": 0.007000000216066837,
            "bigbench_elementary_math_qa": 0.27143606543540955,
            "bigbench_misconceptions": 0.5159817337989807,
            "bigbench_language_identification": 0.24860000610351562,
            "bigbench_logical_deduction": 0.25999999046325684,
            "bigbench_novel_concepts": 0.28125,
            "bigbench_operators": 0.07619047909975052,
            "bigbench_repeat_copy_logic": 0.0,
            "bigbench_qa_wikidata": 0.0,
            "bigbench_strange_stories": 0.4712643623352051,
            "bigbench_strategy_qa": 0.46876364946365356,
            "bigbench_understanding_fables": 0.3174603283405304,
            "boolq": 0.5614678859710693,
            "commonsense_qa": 0.21212121844291687,
            "copa": 0.4699999988079071,
            "coqa": 0.01139922346919775,
            "enterprise_pii_classification": 0.4842415452003479,
            "hellaswag": 0.24785898625850677,
            "hellaswag_zeroshot": 0.24646484851837158,
            "jeopardy": 0.0005361930467188359,
            "lambada_openai": 0.007762468419969082,
            "logi_qa": 0.21966205537319183,
            "math_qa": 0.24874287843704224,
            "mmlu": 0.23698858184772625,
            "mmlu_zeroshot": 0.2319676664314772,
            "openbook_qa": 0.2240000069141388,
            "piqa": 0.5353645086288452,
            "pubmed_qa_labeled": 0.0,
            "simple_arithmetic_nospaces": 0.003000000026077032,
            "simple_arithmetic_withspaces": 0.0020000000949949026,
            "siqa": 0.4728761613368988,
            "squad": 9.460737783228979e-05,
            "winogender_mc_female": 0.4333333373069763,
            "winogender_mc_male": 0.5333333611488342,
            "winograd": 0.5128205418586731,
            "winogrande": 0.5138121843338013
        }
    }
}