{
    "name": "/mnt/task_runtime/dcnlp/eval/heavy",
    "uuid": "f5aec2f7-1fcd-4556-874c-2b8d75258162",
    "model": "d=576_l=24_h=8",
    "creation_date": "2024_02_12-15_52_03",
    "eval_metrics": {
        "icl": {
            "agi_eval_lsat_ar": 0.19565217196941376,
            "agi_eval_lsat_rc": 0.2537313401699066,
            "agi_eval_lsat_lr": 0.26274511218070984,
            "agi_eval_sat_en": 0.276699036359787,
            "arc_easy": 0.3295454680919647,
            "arc_challenge": 0.20477814972400665,
            "bbq": 0.43154423345219006,
            "bigbench_conceptual_combinations": 0.24271844327449799,
            "bigbench_conlang_translation": 0.0,
            "bigbench_cs_algorithms": 0.4113636314868927,
            "bigbench_dyck_languages": 0.07800000160932541,
            "bigbench_elementary_math_qa": 0.2701520025730133,
            "bigbench_misconceptions": 0.4611872136592865,
            "bigbench_language_identification": 0.2500999867916107,
            "bigbench_logical_deduction": 0.2460000067949295,
            "bigbench_novel_concepts": 0.40625,
            "bigbench_operators": 0.06190476194024086,
            "bigbench_repeat_copy_logic": 0.0,
            "bigbench_qa_wikidata": 0.09281039237976074,
            "bigbench_strange_stories": 0.4252873659133911,
            "bigbench_strategy_qa": 0.4984709620475769,
            "bigbench_understanding_fables": 0.27513226866722107,
            "boolq": 0.5844036936759949,
            "commonsense_qa": 0.35380834341049194,
            "copa": 0.5199999809265137,
            "coqa": 0.041588373482227325,
            "enterprise_pii_classification": 0.539322555065155,
            "hellaswag": 0.2622983455657959,
            "hellaswag_zeroshot": 0.26518622040748596,
            "jeopardy": 0.0,
            "lambada_openai": 0.21172133088111877,
            "logi_qa": 0.2457757294178009,
            "math_qa": 0.24874287843704224,
            "mmlu": 0.24353110515757612,
            "mmlu_zeroshot": 0.2337861659756878,
            "openbook_qa": 0.24799999594688416,
            "piqa": 0.5647442936897278,
            "pubmed_qa_labeled": 0.46700000762939453,
            "simple_arithmetic_nospaces": 0.0010000000474974513,
            "simple_arithmetic_withspaces": 0.004999999888241291,
            "siqa": 0.5066530108451843,
            "squad": 0.0014191106893122196,
            "winogender_mc_female": 0.5,
            "winogender_mc_male": 0.5333333611488342,
            "winograd": 0.5457875728607178,
            "winogrande": 0.5130228996276855
        }
    }
}