{
    "name": "/mnt/task_runtime/dcnlp/eval/heavy",
    "uuid": "621e8f9d-1075-491c-b036-a1007d9e3dc2",
    "model": "d=576_l=24_h=8",
    "creation_date": "2024_02_12-20_25_46",
    "eval_metrics": {
        "icl": {
            "agi_eval_lsat_ar": 0.21739129722118378,
            "agi_eval_lsat_rc": 0.24253731966018677,
            "agi_eval_lsat_lr": 0.2705882489681244,
            "agi_eval_sat_en": 0.2330097109079361,
            "arc_easy": 0.4377104341983795,
            "arc_challenge": 0.24658703804016113,
            "bbq": 0.5026087869297374,
            "bigbench_conceptual_combinations": 0.3009708821773529,
            "bigbench_conlang_translation": 0.018292682245373726,
            "bigbench_cs_algorithms": 0.43939393758773804,
            "bigbench_dyck_languages": 0.1469999998807907,
            "bigbench_elementary_math_qa": 0.2546383738517761,
            "bigbench_misconceptions": 0.5205479264259338,
            "bigbench_language_identification": 0.2500999867916107,
            "bigbench_logical_deduction": 0.2653333246707916,
            "bigbench_novel_concepts": 0.375,
            "bigbench_operators": 0.12380952388048172,
            "bigbench_repeat_copy_logic": 0.03125,
            "bigbench_qa_wikidata": 0.40514737367630005,
            "bigbench_strange_stories": 0.4712643623352051,
            "bigbench_strategy_qa": 0.5190039277076721,
            "bigbench_understanding_fables": 0.2539682686328888,
            "boolq": 0.4911314845085144,
            "commonsense_qa": 0.27436527609825134,
            "copa": 0.6200000047683716,
            "coqa": 0.13904547691345215,
            "enterprise_pii_classification": 0.5263622999191284,
            "hellaswag": 0.34435370564460754,
            "hellaswag_zeroshot": 0.34495121240615845,
            "jeopardy": 0.017126298835501076,
            "lambada_openai": 0.33359208703041077,
            "logi_qa": 0.24270352721214294,
            "math_qa": 0.24840764701366425,
            "mmlu": 0.2399163634369248,
            "mmlu_zeroshot": 0.23232051730155945,
            "openbook_qa": 0.28999999165534973,
            "piqa": 0.6539717316627502,
            "pubmed_qa_labeled": 0.5519999861717224,
            "simple_arithmetic_nospaces": 0.0,
            "simple_arithmetic_withspaces": 0.0010000000474974513,
            "siqa": 0.51893550157547,
            "squad": 0.09905392676591873,
            "winogender_mc_female": 0.4333333373069763,
            "winogender_mc_male": 0.4833333194255829,
            "winograd": 0.6117216348648071,
            "winogrande": 0.5098658204078674
        }
    }
}