{
    "name": "/mnt/task_runtime/dcnlp/eval/heavy",
    "uuid": "13495fa5-ddbb-41c4-9965-02c342f1a807",
    "model": "d=1024_l=24_h=8",
    "creation_date": "2024_02_12-13_50_09",
    "eval_metrics": {
        "icl": {
            "agi_eval_lsat_ar": 0.19130434095859528,
            "agi_eval_lsat_rc": 0.23134328424930573,
            "agi_eval_lsat_lr": 0.28823530673980713,
            "agi_eval_sat_en": 0.223300963640213,
            "arc_easy": 0.4377104341983795,
            "arc_challenge": 0.23293516039848328,
            "bbq": 0.501987874507904,
            "bigbench_conceptual_combinations": 0.291262149810791,
            "bigbench_conlang_translation": 0.012195121496915817,
            "bigbench_cs_algorithms": 0.4363636374473572,
            "bigbench_dyck_languages": 0.19099999964237213,
            "bigbench_elementary_math_qa": 0.25513628125190735,
            "bigbench_misconceptions": 0.5068492889404297,
            "bigbench_language_identification": 0.25270000100135803,
            "bigbench_logical_deduction": 0.24799999594688416,
            "bigbench_novel_concepts": 0.34375,
            "bigbench_operators": 0.12857143580913544,
            "bigbench_repeat_copy_logic": 0.0,
            "bigbench_qa_wikidata": 0.41090497374534607,
            "bigbench_strange_stories": 0.48275861144065857,
            "bigbench_strategy_qa": 0.5107033848762512,
            "bigbench_understanding_fables": 0.28042328357696533,
            "boolq": 0.5055046081542969,
            "commonsense_qa": 0.25470924377441406,
            "copa": 0.6100000143051147,
            "coqa": 0.11900287866592407,
            "enterprise_pii_classification": 0.5278350710868835,
            "hellaswag": 0.3168691396713257,
            "hellaswag_zeroshot": 0.3175662159919739,
            "jeopardy": 0.012816845159977674,
            "lambada_openai": 0.3578498065471649,
            "logi_qa": 0.2626728117465973,
            "math_qa": 0.25209519267082214,
            "mmlu": 0.24074983583730564,
            "mmlu_zeroshot": 0.2323835024185348,
            "openbook_qa": 0.28200000524520874,
            "piqa": 0.6180630922317505,
            "pubmed_qa_labeled": 0.5040000081062317,
            "simple_arithmetic_nospaces": 0.003000000026077032,
            "simple_arithmetic_withspaces": 0.004000000189989805,
            "siqa": 0.4969293773174286,
            "squad": 0.036991484463214874,
            "winogender_mc_female": 0.46666666865348816,
            "winogender_mc_male": 0.4833333194255829,
            "winograd": 0.5897436141967773,
            "winogrande": 0.5003946423530579
        }
    }
}