{
    "name": "/mnt/task_runtime/dcnlp/eval/heavy",
    "uuid": "3804a814-0083-4bd0-9cb1-8bdee80c4582",
    "model": "d=96_l=8_h=4",
    "creation_date": "2024_01_29-12_21_38",
    "eval_metrics": {
        "icl": {
            "agi_eval_lsat_ar": 0.16956521570682526,
            "agi_eval_lsat_rc": 0.2761194109916687,
            "agi_eval_lsat_lr": 0.29411765933036804,
            "agi_eval_sat_en": 0.3009708821773529,
            "arc_easy": 0.2790403962135315,
            "arc_challenge": 0.2124573439359665,
            "bbq": 0.4403658292510293,
            "bigbench_conceptual_combinations": 0.28155338764190674,
            "bigbench_conlang_translation": 0.0,
            "bigbench_cs_algorithms": 0.0416666679084301,
            "bigbench_dyck_languages": 0.05900000035762787,
            "bigbench_elementary_math_qa": 0.274056613445282,
            "bigbench_misconceptions": 0.49771690368652344,
            "bigbench_language_identification": 0.24860000610351562,
            "bigbench_logical_deduction": 0.2540000081062317,
            "bigbench_novel_concepts": 0.21875,
            "bigbench_operators": 0.06666667014360428,
            "bigbench_repeat_copy_logic": 0.0,
            "bigbench_qa_wikidata": 0.00723389582708478,
            "bigbench_strange_stories": 0.4367816150188446,
            "bigbench_strategy_qa": 0.5111402273178101,
            "bigbench_understanding_fables": 0.2857142984867096,
            "boolq": 0.4477064311504364,
            "commonsense_qa": 0.26863226294517517,
            "copa": 0.46000000834465027,
            "coqa": 0.018915195018053055,
            "enterprise_pii_classification": 0.5092783570289612,
            "hellaswag": 0.2457677721977234,
            "hellaswag_zeroshot": 0.24925313889980316,
            "jeopardy": 0.0005361930467188359,
            "lambada_openai": 0.03842421993613243,
            "logi_qa": 0.2227342575788498,
            "math_qa": 0.24103251099586487,
            "mmlu": 0.23425062693524779,
            "mmlu_zeroshot": 0.23153162656123177,
            "openbook_qa": 0.2240000069141388,
            "piqa": 0.5652883648872375,
            "pubmed_qa_labeled": 0.007000000216066837,
            "simple_arithmetic_nospaces": 0.0010000000474974513,
            "simple_arithmetic_withspaces": 0.0020000000949949026,
            "siqa": 0.4923234283924103,
            "squad": 0.0005676442524418235,
            "winogender_mc_female": 0.4833333194255829,
            "winogender_mc_male": 0.5666666626930237,
            "winograd": 0.5347985625267029,
            "winogrande": 0.507498025894165
        }
    }
}