{
    "name": "/mnt/task_runtime/dcnlp/eval/heavy",
    "uuid": "ec5e47a1-352a-497d-a954-1543e34d53b3",
    "model": "d=576_l=24_h=8",
    "creation_date": "2024_01_29-14_50_27",
    "eval_metrics": {
        "icl": {
            "agi_eval_lsat_ar": 0.24782608449459076,
            "agi_eval_lsat_rc": 0.24626865983009338,
            "agi_eval_lsat_lr": 0.2647058963775635,
            "agi_eval_sat_en": 0.23786407709121704,
            "arc_easy": 0.3712121248245239,
            "arc_challenge": 0.22098976373672485,
            "bbq": 0.45048991116610443,
            "bigbench_conceptual_combinations": 0.20388349890708923,
            "bigbench_conlang_translation": 0.012195121496915817,
            "bigbench_cs_algorithms": 0.41969695687294006,
            "bigbench_dyck_languages": 0.10599999874830246,
            "bigbench_elementary_math_qa": 0.2624213695526123,
            "bigbench_misconceptions": 0.5022830963134766,
            "bigbench_language_identification": 0.25029999017715454,
            "bigbench_logical_deduction": 0.2606666684150696,
            "bigbench_novel_concepts": 0.3125,
            "bigbench_operators": 0.095238097012043,
            "bigbench_repeat_copy_logic": 0.0,
            "bigbench_qa_wikidata": 0.27838197350502014,
            "bigbench_strange_stories": 0.44252872467041016,
            "bigbench_strategy_qa": 0.4757536053657532,
            "bigbench_understanding_fables": 0.28042328357696533,
            "boolq": 0.6143730878829956,
            "commonsense_qa": 0.28091728687286377,
            "copa": 0.5299999713897705,
            "coqa": 0.09532757103443146,
            "enterprise_pii_classification": 0.49484536051750183,
            "hellaswag": 0.2934674322605133,
            "hellaswag_zeroshot": 0.29326826333999634,
            "jeopardy": 0.001556647615507245,
            "lambada_openai": 0.26295360922813416,
            "logi_qa": 0.2534562349319458,
            "math_qa": 0.2467314749956131,
            "mmlu": 0.24656527502494946,
            "mmlu_zeroshot": 0.23158116011243118,
            "openbook_qa": 0.257999986410141,
            "piqa": 0.6300326585769653,
            "pubmed_qa_labeled": 0.5509999990463257,
            "simple_arithmetic_nospaces": 0.0020000000949949026,
            "simple_arithmetic_withspaces": 0.003000000026077032,
            "siqa": 0.4994882345199585,
            "squad": 0.010122989304363728,
            "winogender_mc_female": 0.4833333194255829,
            "winogender_mc_male": 0.4000000059604645,
            "winograd": 0.5384615659713745,
            "winogrande": 0.49250197410583496
        }
    }
}