{
    "name": "/mnt/task_runtime/dcnlp/eval/heavy",
    "uuid": "c2cc38fa-13e7-4b4d-917f-87a73a3862b6",
    "model": "d=96_l=8_h=4",
    "creation_date": "2024_01_29-22_48_54",
    "eval_metrics": {
        "icl": {
            "agi_eval_lsat_ar": 0.1826086938381195,
            "agi_eval_lsat_rc": 0.2761194109916687,
            "agi_eval_lsat_lr": 0.2705882489681244,
            "agi_eval_sat_en": 0.3009708821773529,
            "arc_easy": 0.2904040515422821,
            "arc_challenge": 0.21928328275680542,
            "bbq": 0.4382330802353946,
            "bigbench_conceptual_combinations": 0.25242719054222107,
            "bigbench_conlang_translation": 0.0,
            "bigbench_cs_algorithms": 0.43560606241226196,
            "bigbench_dyck_languages": 0.007000000216066837,
            "bigbench_elementary_math_qa": 0.2678721249103546,
            "bigbench_misconceptions": 0.5022830963134766,
            "bigbench_language_identification": 0.2526000142097473,
            "bigbench_logical_deduction": 0.25466665625572205,
            "bigbench_novel_concepts": 0.21875,
            "bigbench_operators": 0.08571428805589676,
            "bigbench_repeat_copy_logic": 0.0,
            "bigbench_qa_wikidata": 0.03897446021437645,
            "bigbench_strange_stories": 0.45402297377586365,
            "bigbench_strategy_qa": 0.4971603453159332,
            "bigbench_understanding_fables": 0.2539682686328888,
            "boolq": 0.3899082541465759,
            "commonsense_qa": 0.259623259305954,
            "copa": 0.5,
            "coqa": 0.002881122287362814,
            "enterprise_pii_classification": 0.49189984798431396,
            "hellaswag": 0.25413262844085693,
            "hellaswag_zeroshot": 0.2535351514816284,
            "jeopardy": 0.0,
            "lambada_openai": 0.06481660902500153,
            "logi_qa": 0.20890937745571136,
            "math_qa": 0.24069727957248688,
            "mmlu": 0.23772168996041282,
            "mmlu_zeroshot": 0.23111463194353538,
            "openbook_qa": 0.2280000001192093,
            "piqa": 0.5348204374313354,
            "pubmed_qa_labeled": 0.06400000303983688,
            "simple_arithmetic_nospaces": 0.0010000000474974513,
            "simple_arithmetic_withspaces": 0.0010000000474974513,
            "siqa": 0.4984646737575531,
            "squad": 0.0016083254013210535,
            "winogender_mc_female": 0.4833333194255829,
            "winogender_mc_male": 0.5666666626930237,
            "winograd": 0.4871794879436493,
            "winogrande": 0.507498025894165
        }
    }
}