{
    "name": "/mnt/task_runtime/dcnlp/eval/heavy",
    "uuid": "71c78282-f0b6-4ebf-89ce-94548603b4df",
    "model": "d=576_l=24_h=8",
    "creation_date": "2024_02_12-10_56_06",
    "eval_metrics": {
        "icl": {
            "agi_eval_lsat_ar": 0.1826086938381195,
            "agi_eval_lsat_rc": 0.23507462441921234,
            "agi_eval_lsat_lr": 0.28823530673980713,
            "agi_eval_sat_en": 0.29611650109291077,
            "arc_easy": 0.36574074625968933,
            "arc_challenge": 0.20051194727420807,
            "bbq": 0.4435511366887526,
            "bigbench_conceptual_combinations": 0.25242719054222107,
            "bigbench_conlang_translation": 0.012195121496915817,
            "bigbench_cs_algorithms": 0.44999998807907104,
            "bigbench_dyck_languages": 0.19300000369548798,
            "bigbench_elementary_math_qa": 0.26928719878196716,
            "bigbench_misconceptions": 0.47031962871551514,
            "bigbench_language_identification": 0.2563000023365021,
            "bigbench_logical_deduction": 0.25,
            "bigbench_novel_concepts": 0.3125,
            "bigbench_operators": 0.095238097012043,
            "bigbench_repeat_copy_logic": 0.0,
            "bigbench_qa_wikidata": 0.22282367944717407,
            "bigbench_strange_stories": 0.3850574791431427,
            "bigbench_strategy_qa": 0.4980340898036957,
            "bigbench_understanding_fables": 0.28042328357696533,
            "boolq": 0.601529061794281,
            "commonsense_qa": 0.27272728085517883,
            "copa": 0.5600000023841858,
            "coqa": 0.07465864717960358,
            "enterprise_pii_classification": 0.530780553817749,
            "hellaswag": 0.26926907896995544,
            "hellaswag_zeroshot": 0.2714598774909973,
            "jeopardy": 0.0005361930467188359,
            "lambada_openai": 0.23850184679031372,
            "logi_qa": 0.22887864708900452,
            "math_qa": 0.2504190504550934,
            "mmlu": 0.2427947453239508,
            "mmlu_zeroshot": 0.2316448259771916,
            "openbook_qa": 0.27000001072883606,
            "piqa": 0.5865070819854736,
            "pubmed_qa_labeled": 0.5360000133514404,
            "simple_arithmetic_nospaces": 0.0020000000949949026,
            "simple_arithmetic_withspaces": 0.006000000052154064,
            "siqa": 0.5081883072853088,
            "squad": 0.004446547012776136,
            "winogender_mc_female": 0.46666666865348816,
            "winogender_mc_male": 0.5,
            "winograd": 0.5384615659713745,
            "winogrande": 0.5090765357017517
        }
    }
}