{
    "name": "/mnt/task_runtime/dcnlp/eval/heavy",
    "uuid": "08ae335f-f8d8-4883-a8ed-0b5b78910910",
    "model": "d=96_l=8_h=4",
    "creation_date": "2024_01_29-16_31_30",
    "eval_metrics": {
        "icl": {
            "agi_eval_lsat_ar": 0.208695650100708,
            "agi_eval_lsat_rc": 0.2761194109916687,
            "agi_eval_lsat_lr": 0.28431373834609985,
            "agi_eval_sat_en": 0.3009708821773529,
            "arc_easy": 0.2790403962135315,
            "arc_challenge": 0.19112628698349,
            "bbq": 0.41870626536282624,
            "bigbench_conceptual_combinations": 0.28155338764190674,
            "bigbench_conlang_translation": 0.0,
            "bigbench_cs_algorithms": 0.049242425709962845,
            "bigbench_dyck_languages": 0.012000000104308128,
            "bigbench_elementary_math_qa": 0.2704402506351471,
            "bigbench_misconceptions": 0.5068492889404297,
            "bigbench_language_identification": 0.24789999425411224,
            "bigbench_logical_deduction": 0.2566666603088379,
            "bigbench_novel_concepts": 0.25,
            "bigbench_operators": 0.05714285746216774,
            "bigbench_repeat_copy_logic": 0.0,
            "bigbench_qa_wikidata": 0.004970227833837271,
            "bigbench_strange_stories": 0.44252872467041016,
            "bigbench_strategy_qa": 0.4936653673648834,
            "bigbench_understanding_fables": 0.28042328357696533,
            "boolq": 0.38042813539505005,
            "commonsense_qa": 0.20311219990253448,
            "copa": 0.47999998927116394,
            "coqa": 0.0002505323791410774,
            "enterprise_pii_classification": 0.495728999376297,
            "hellaswag": 0.25144392251968384,
            "hellaswag_zeroshot": 0.25263890624046326,
            "jeopardy": 0.0005361930467188359,
            "lambada_openai": 0.020958665758371353,
            "logi_qa": 0.20737327635288239,
            "math_qa": 0.2463962435722351,
            "mmlu": 0.2315937704161594,
            "mmlu_zeroshot": 0.230996131112701,
            "openbook_qa": 0.23800000548362732,
            "piqa": 0.5397170782089233,
            "pubmed_qa_labeled": 0.0,
            "simple_arithmetic_nospaces": 0.007000000216066837,
            "simple_arithmetic_withspaces": 0.0020000000949949026,
            "siqa": 0.48311156034469604,
            "squad": 0.00037842951132915914,
            "winogender_mc_female": 0.5,
            "winogender_mc_male": 0.5166666507720947,
            "winograd": 0.5384615659713745,
            "winogrande": 0.5003946423530579
        }
    }
}