{
    "name": "/mnt/task_runtime/dcnlp/eval/heavy",
    "uuid": "06767f86-8262-42c9-95d7-a524958d6af1",
    "model": "d=1024_l=24_h=8",
    "creation_date": "2024_01_29-21_01_42",
    "eval_metrics": {
        "icl": {
            "agi_eval_lsat_ar": 0.20000000298023224,
            "agi_eval_lsat_rc": 0.26119402050971985,
            "agi_eval_lsat_lr": 0.27450981736183167,
            "agi_eval_sat_en": 0.2669903039932251,
            "arc_easy": 0.4095117747783661,
            "arc_challenge": 0.21672354638576508,
            "bbq": 0.47122688726945355,
            "bigbench_conceptual_combinations": 0.28155338764190674,
            "bigbench_conlang_translation": 0.012195121496915817,
            "bigbench_cs_algorithms": 0.42424243688583374,
            "bigbench_dyck_languages": 0.1420000046491623,
            "bigbench_elementary_math_qa": 0.24910901486873627,
            "bigbench_misconceptions": 0.4794520437717438,
            "bigbench_language_identification": 0.25380000472068787,
            "bigbench_logical_deduction": 0.23999999463558197,
            "bigbench_novel_concepts": 0.4375,
            "bigbench_operators": 0.09047619253396988,
            "bigbench_repeat_copy_logic": 0.03125,
            "bigbench_qa_wikidata": 0.3453077971935272,
            "bigbench_strange_stories": 0.4597701132297516,
            "bigbench_strategy_qa": 0.4945391118526459,
            "bigbench_understanding_fables": 0.27513226866722107,
            "boolq": 0.4651376008987427,
            "commonsense_qa": 0.2874692976474762,
            "copa": 0.5899999737739563,
            "coqa": 0.08342728018760681,
            "enterprise_pii_classification": 0.5048601031303406,
            "hellaswag": 0.3003385663032532,
            "hellaswag_zeroshot": 0.2976498603820801,
            "jeopardy": 0.002100840397179127,
            "lambada_openai": 0.30409470200538635,
            "logi_qa": 0.25038403272628784,
            "math_qa": 0.25175997614860535,
            "mmlu": 0.240976062260176,
            "mmlu_zeroshot": 0.23187127709388733,
            "openbook_qa": 0.2879999876022339,
            "piqa": 0.6044613718986511,
            "pubmed_qa_labeled": 0.4359999895095825,
            "simple_arithmetic_nospaces": 0.0020000000949949026,
            "simple_arithmetic_withspaces": 0.0010000000474974513,
            "siqa": 0.4953940510749817,
            "squad": 0.02213812619447708,
            "winogender_mc_female": 0.4166666567325592,
            "winogender_mc_male": 0.46666666865348816,
            "winograd": 0.5457875728607178,
            "winogrande": 0.5153906941413879
        }
    }
}