{
    "name": "/mnt/task_runtime/dcnlp/eval/heavy",
    "uuid": "d1610bba-45a2-40b1-9db3-59cb82f97f5e",
    "model": "open_lm_7b",
    "creation_date": "2024_03_04-13_01_09",
    "eval_metrics": {
        "icl": {
            "agi_eval_lsat_ar": 0.19130434095859528,
            "agi_eval_lsat_rc": 0.26119402050971985,
            "agi_eval_lsat_lr": 0.272549033164978,
            "agi_eval_sat_en": 0.28155338764190674,
            "arc_easy": 0.691077470779419,
            "arc_challenge": 0.37542662024497986,
            "bbq": 0.4666381830518896,
            "bigbench_conceptual_combinations": 0.25242719054222107,
            "bigbench_conlang_translation": 0.012195121496915817,
            "bigbench_cs_algorithms": 0.45606061816215515,
            "bigbench_dyck_languages": 0.20900000631809235,
            "bigbench_elementary_math_qa": 0.24300314486026764,
            "bigbench_misconceptions": 0.5570776462554932,
            "bigbench_language_identification": 0.2498999983072281,
            "bigbench_logical_deduction": 0.24266666173934937,
            "bigbench_novel_concepts": 0.5625,
            "bigbench_operators": 0.22380952537059784,
            "bigbench_repeat_copy_logic": 0.15625,
            "bigbench_qa_wikidata": 0.6557255983352661,
            "bigbench_strange_stories": 0.5632184147834778,
            "bigbench_strategy_qa": 0.5513324737548828,
            "bigbench_understanding_fables": 0.25925925374031067,
            "boolq": 0.6400611400604248,
            "commonsense_qa": 0.2416052371263504,
            "copa": 0.8199999928474426,
            "coqa": 0.3674057424068451,
            "enterprise_pii_classification": 0.5030927658081055,
            "hellaswag": 0.7045409083366394,
            "hellaswag_zeroshot": 0.6970722675323486,
            "jeopardy": 0.38459452986717224,
            "lambada_openai": 0.6287599205970764,
            "logi_qa": 0.22580644488334656,
            "math_qa": 0.24404960870742798,
            "mmlu": 0.2654554175311013,
            "mmlu_zeroshot": 0.27293247546543153,
            "openbook_qa": 0.39800000190734863,
            "piqa": 0.7801958918571472,
            "pubmed_qa_labeled": 0.3160000145435333,
            "simple_arithmetic_nospaces": 0.00800000037997961,
            "simple_arithmetic_withspaces": 0.007000000216066837,
            "siqa": 0.5005117654800415,
            "squad": 0.49129611253738403,
            "winogender_mc_female": 0.4833333194255829,
            "winogender_mc_male": 0.4000000059604645,
            "winograd": 0.8571428656578064,
            "winogrande": 0.6085240840911865
        }
    },
    "rw_small_centered": 0.41476759645673966,
    "95%_CI_above_centered": 0.29319636129369636,
    "99%_CI_above_centered": 0.33489218711853025,
    "low_variance_datasets_centered": 0.3659084452824159
}