{
    "name": "/mnt/task_runtime/dcnlp/eval/heavy",
    "uuid": "ebab1b3f-9a54-42ed-9b58-3a7acfbf7cca",
    "model": "d=96_l=8_h=4",
    "creation_date": "2024_01_29-14_33_38",
    "eval_metrics": {
        "icl": {
            "agi_eval_lsat_ar": 0.2347826063632965,
            "agi_eval_lsat_rc": 0.2761194109916687,
            "agi_eval_lsat_lr": 0.2823529541492462,
            "agi_eval_sat_en": 0.3009708821773529,
            "arc_easy": 0.2891414165496826,
            "arc_challenge": 0.1962457299232483,
            "bbq": 0.44808838313276117,
            "bigbench_conceptual_combinations": 0.20388349890708923,
            "bigbench_conlang_translation": 0.0,
            "bigbench_cs_algorithms": 0.27878788113594055,
            "bigbench_dyck_languages": 0.007000000216066837,
            "bigbench_elementary_math_qa": 0.2705974876880646,
            "bigbench_misconceptions": 0.5022830963134766,
            "bigbench_language_identification": 0.2476000040769577,
            "bigbench_logical_deduction": 0.24533332884311676,
            "bigbench_novel_concepts": 0.1875,
            "bigbench_operators": 0.0714285746216774,
            "bigbench_repeat_copy_logic": 0.0,
            "bigbench_qa_wikidata": 0.0391220897436142,
            "bigbench_strange_stories": 0.49425286054611206,
            "bigbench_strategy_qa": 0.5076452493667603,
            "bigbench_understanding_fables": 0.28042328357696533,
            "boolq": 0.40550458431243896,
            "commonsense_qa": 0.262899249792099,
            "copa": 0.4099999964237213,
            "coqa": 0.005887511186301708,
            "enterprise_pii_classification": 0.5039764642715454,
            "hellaswag": 0.24995021522045135,
            "hellaswag_zeroshot": 0.25323641300201416,
            "jeopardy": 0.0,
            "lambada_openai": 0.03997671231627464,
            "logi_qa": 0.19969278573989868,
            "math_qa": 0.24773718416690826,
            "mmlu": 0.23680547546399267,
            "mmlu_zeroshot": 0.2310020102743517,
            "openbook_qa": 0.2460000067949295,
            "piqa": 0.5647442936897278,
            "pubmed_qa_labeled": 0.0,
            "simple_arithmetic_nospaces": 0.0,
            "simple_arithmetic_withspaces": 0.003000000026077032,
            "siqa": 0.4948822855949402,
            "squad": 0.00037842951132915914,
            "winogender_mc_female": 0.36666667461395264,
            "winogender_mc_male": 0.6333333253860474,
            "winograd": 0.5091575384140015,
            "winogrande": 0.5011839270591736
        }
    }
}