{
    "name": "/mnt/task_runtime/dcnlp/eval/heavy",
    "uuid": "2a6f7dcb-3f50-4b41-b353-2c82f5970e4a",
    "model": "d=1024_l=24_h=8",
    "creation_date": "2024_02_12-10_12_49",
    "eval_metrics": {
        "icl": {
            "agi_eval_lsat_ar": 0.16521738469600677,
            "agi_eval_lsat_rc": 0.2798507511615753,
            "agi_eval_lsat_lr": 0.2705882489681244,
            "agi_eval_sat_en": 0.24271844327449799,
            "arc_easy": 0.5420875549316406,
            "arc_challenge": 0.2696245610713959,
            "bbq": 0.479542764750394,
            "bigbench_conceptual_combinations": 0.33980581164360046,
            "bigbench_conlang_translation": 0.012195121496915817,
            "bigbench_cs_algorithms": 0.44999998807907104,
            "bigbench_dyck_languages": 0.2160000056028366,
            "bigbench_elementary_math_qa": 0.25408804416656494,
            "bigbench_misconceptions": 0.5022830963134766,
            "bigbench_language_identification": 0.2540999948978424,
            "bigbench_logical_deduction": 0.25733333826065063,
            "bigbench_novel_concepts": 0.34375,
            "bigbench_operators": 0.18095238506793976,
            "bigbench_repeat_copy_logic": 0.03125,
            "bigbench_qa_wikidata": 0.566310703754425,
            "bigbench_strange_stories": 0.5114942789077759,
            "bigbench_strategy_qa": 0.5163826942443848,
            "bigbench_understanding_fables": 0.24867725372314453,
            "boolq": 0.5706421732902527,
            "commonsense_qa": 0.30057328939437866,
            "copa": 0.6700000166893005,
            "coqa": 0.22585494816303253,
            "enterprise_pii_classification": 0.50044184923172,
            "hellaswag": 0.4995020925998688,
            "hellaswag_zeroshot": 0.49960166215896606,
            "jeopardy": 0.12090936079621314,
            "lambada_openai": 0.47545120120048523,
            "logi_qa": 0.21812595427036285,
            "math_qa": 0.2557827830314636,
            "mmlu": 0.23872634533204531,
            "mmlu_zeroshot": 0.23578092926426938,
            "openbook_qa": 0.3059999942779541,
            "piqa": 0.7078346014022827,
            "pubmed_qa_labeled": 0.24300000071525574,
            "simple_arithmetic_nospaces": 0.0020000000949949026,
            "simple_arithmetic_withspaces": 0.0020000000949949026,
            "siqa": 0.48106446862220764,
            "squad": 0.30245980620384216,
            "winogender_mc_female": 0.5166666507720947,
            "winogender_mc_male": 0.4000000059604645,
            "winograd": 0.6959707140922546,
            "winogrande": 0.5248618721961975
        }
    }
}