{
    "name": "/mnt/task_runtime/dcnlp/eval/heavy",
    "uuid": "0abfbc31-eb95-4827-b8af-8af149cf52f2",
    "model": "d=512_l=8_h=4",
    "creation_date": "2024_02_12-17_15_08",
    "eval_metrics": {
        "icl": {
            "agi_eval_lsat_ar": 0.16521738469600677,
            "agi_eval_lsat_rc": 0.24626865983009338,
            "agi_eval_lsat_lr": 0.26862746477127075,
            "agi_eval_sat_en": 0.28155338764190674,
            "arc_easy": 0.37163299322128296,
            "arc_challenge": 0.19965870678424835,
            "bbq": 0.4722607189958746,
            "bigbench_conceptual_combinations": 0.26213592290878296,
            "bigbench_conlang_translation": 0.012195121496915817,
            "bigbench_cs_algorithms": 0.42424243688583374,
            "bigbench_dyck_languages": 0.07699999958276749,
            "bigbench_elementary_math_qa": 0.25770440697669983,
            "bigbench_misconceptions": 0.47488585114479065,
            "bigbench_language_identification": 0.2506999969482422,
            "bigbench_logical_deduction": 0.25,
            "bigbench_novel_concepts": 0.40625,
            "bigbench_operators": 0.12380952388048172,
            "bigbench_repeat_copy_logic": 0.0,
            "bigbench_qa_wikidata": 0.18384921550750732,
            "bigbench_strange_stories": 0.4137931168079376,
            "bigbench_strategy_qa": 0.5098296403884888,
            "bigbench_understanding_fables": 0.25925925374031067,
            "boolq": 0.5810397267341614,
            "commonsense_qa": 0.26371827721595764,
            "copa": 0.5299999713897705,
            "coqa": 0.05787298083305359,
            "enterprise_pii_classification": 0.4951398968696594,
            "hellaswag": 0.27265486121177673,
            "hellaswag_zeroshot": 0.27325233817100525,
            "jeopardy": 0.0005361930467188359,
            "lambada_openai": 0.24238307774066925,
            "logi_qa": 0.22580644488334656,
            "math_qa": 0.24773718416690826,
            "mmlu": 0.24068033982787215,
            "mmlu_zeroshot": 0.23219039382641776,
            "openbook_qa": 0.24799999594688416,
            "piqa": 0.5778019428253174,
            "pubmed_qa_labeled": 0.5070000290870667,
            "simple_arithmetic_nospaces": 0.0020000000949949026,
            "simple_arithmetic_withspaces": 0.004999999888241291,
            "siqa": 0.48311156034469604,
            "squad": 0.004351939540356398,
            "winogender_mc_female": 0.46666666865348816,
            "winogender_mc_male": 0.46666666865348816,
            "winograd": 0.5128205418586731,
            "winogrande": 0.5051302313804626
        }
    }
}