{
    "name": "/mnt/task_runtime/dcnlp/eval/heavy",
    "uuid": "d5494966-239b-4d96-bdbb-3fd1378905ed",
    "model": "d=512_l=8_h=4",
    "creation_date": "2024_01_29-20_14_27",
    "eval_metrics": {
        "icl": {
            "agi_eval_lsat_ar": 0.1608695685863495,
            "agi_eval_lsat_rc": 0.25,
            "agi_eval_lsat_lr": 0.2647058963775635,
            "agi_eval_sat_en": 0.276699036359787,
            "arc_easy": 0.3539562225341797,
            "arc_challenge": 0.2175767868757248,
            "bbq": 0.43252223459157074,
            "bigbench_conceptual_combinations": 0.24271844327449799,
            "bigbench_conlang_translation": 0.012195121496915817,
            "bigbench_cs_algorithms": 0.4174242317676544,
            "bigbench_dyck_languages": 0.08399999886751175,
            "bigbench_elementary_math_qa": 0.2633647918701172,
            "bigbench_misconceptions": 0.5114155411720276,
            "bigbench_language_identification": 0.2558000087738037,
            "bigbench_logical_deduction": 0.24199999868869781,
            "bigbench_novel_concepts": 0.40625,
            "bigbench_operators": 0.0714285746216774,
            "bigbench_repeat_copy_logic": 0.0,
            "bigbench_qa_wikidata": 0.1456129103899002,
            "bigbench_strange_stories": 0.4482758641242981,
            "bigbench_strategy_qa": 0.5024027824401855,
            "bigbench_understanding_fables": 0.2698412835597992,
            "boolq": 0.4581039845943451,
            "commonsense_qa": 0.2841932773590088,
            "copa": 0.5299999713897705,
            "coqa": 0.04083677753806114,
            "enterprise_pii_classification": 0.507805585861206,
            "hellaswag": 0.2689703106880188,
            "hellaswag_zeroshot": 0.2661820352077484,
            "jeopardy": 0.0005361930467188359,
            "lambada_openai": 0.2328740507364273,
            "logi_qa": 0.22427035868167877,
            "math_qa": 0.24807241559028625,
            "mmlu": 0.23739258748920342,
            "mmlu_zeroshot": 0.23123899781913088,
            "openbook_qa": 0.25,
            "piqa": 0.5723612904548645,
            "pubmed_qa_labeled": 0.4480000138282776,
            "simple_arithmetic_nospaces": 0.00800000037997961,
            "simple_arithmetic_withspaces": 0.004000000189989805,
            "siqa": 0.4774820804595947,
            "squad": 0.001986755058169365,
            "winogender_mc_female": 0.5333333611488342,
            "winogender_mc_male": 0.4833333194255829,
            "winograd": 0.5347985625267029,
            "winogrande": 0.5059195160865784
        }
    }
}