{
    "name": "/mnt/task_runtime/dcnlp/eval/heavy",
    "uuid": "24990ad8-517b-41ef-94d7-7ed54edcb64c",
    "model": "d=96_l=8_h=4",
    "creation_date": "2024_01_29-12_58_16",
    "eval_metrics": {
        "icl": {
            "agi_eval_lsat_ar": 0.22608695924282074,
            "agi_eval_lsat_rc": 0.2761194109916687,
            "agi_eval_lsat_lr": 0.28431373834609985,
            "agi_eval_sat_en": 0.3009708821773529,
            "arc_easy": 0.2857744097709656,
            "arc_challenge": 0.19880546629428864,
            "bbq": 0.437225493517789,
            "bigbench_conceptual_combinations": 0.223300963640213,
            "bigbench_conlang_translation": 0.0,
            "bigbench_cs_algorithms": 0.040909089148044586,
            "bigbench_dyck_languages": 0.023000000044703484,
            "bigbench_elementary_math_qa": 0.26912999153137207,
            "bigbench_misconceptions": 0.47488585114479065,
            "bigbench_language_identification": 0.25189998745918274,
            "bigbench_logical_deduction": 0.25,
            "bigbench_novel_concepts": 0.21875,
            "bigbench_operators": 0.07619047909975052,
            "bigbench_repeat_copy_logic": 0.0,
            "bigbench_qa_wikidata": 0.028591113165020943,
            "bigbench_strange_stories": 0.4367816150188446,
            "bigbench_strategy_qa": 0.4914810061454773,
            "bigbench_understanding_fables": 0.25925925374031067,
            "boolq": 0.38042813539505005,
            "commonsense_qa": 0.2555282413959503,
            "copa": 0.4399999976158142,
            "coqa": 0.005762244574725628,
            "enterprise_pii_classification": 0.5030927658081055,
            "hellaswag": 0.2543317973613739,
            "hellaswag_zeroshot": 0.2558255195617676,
            "jeopardy": 0.0005361930467188359,
            "lambada_openai": 0.05278478562831879,
            "logi_qa": 0.20430107414722443,
            "math_qa": 0.2463962435722351,
            "mmlu": 0.2336820383605204,
            "mmlu_zeroshot": 0.23163139950810818,
            "openbook_qa": 0.23000000417232513,
            "piqa": 0.5636561512947083,
            "pubmed_qa_labeled": 0.0,
            "simple_arithmetic_nospaces": 0.004999999888241291,
            "simple_arithmetic_withspaces": 0.007000000216066837,
            "siqa": 0.5,
            "squad": 0.0005676442524418235,
            "winogender_mc_female": 0.44999998807907104,
            "winogender_mc_male": 0.550000011920929,
            "winograd": 0.523809552192688,
            "winogrande": 0.507498025894165
        }
    }
}