{
    "name": "/mnt/task_runtime/dcnlp/eval/heavy",
    "uuid": "5921c266-54c5-4c53-9cc5-667cd46fba9e",
    "model": "d=96_l=8_h=4",
    "creation_date": "2024_01_29-16_21_51",
    "eval_metrics": {
        "icl": {
            "agi_eval_lsat_ar": 0.22608695924282074,
            "agi_eval_lsat_rc": 0.2761194109916687,
            "agi_eval_lsat_lr": 0.27843138575553894,
            "agi_eval_sat_en": 0.3009708821773529,
            "arc_easy": 0.25757575035095215,
            "arc_challenge": 0.22098976373672485,
            "bbq": 0.4793332544240085,
            "bigbench_conceptual_combinations": 0.28155338764190674,
            "bigbench_conlang_translation": 0.0,
            "bigbench_cs_algorithms": 0.0,
            "bigbench_dyck_languages": 0.0,
            "bigbench_elementary_math_qa": 0.2684224247932434,
            "bigbench_misconceptions": 0.5159817337989807,
            "bigbench_language_identification": 0.2502000033855438,
            "bigbench_logical_deduction": 0.24933333694934845,
            "bigbench_novel_concepts": 0.15625,
            "bigbench_operators": 0.08095238357782364,
            "bigbench_repeat_copy_logic": 0.0,
            "bigbench_qa_wikidata": 0.0,
            "bigbench_strange_stories": 0.5632184147834778,
            "bigbench_strategy_qa": 0.527304470539093,
            "bigbench_understanding_fables": 0.25925925374031067,
            "boolq": 0.3782874643802643,
            "commonsense_qa": 0.1957411915063858,
            "copa": 0.5199999809265137,
            "coqa": 0.0,
            "enterprise_pii_classification": 0.5063328146934509,
            "hellaswag": 0.24666401743888855,
            "hellaswag_zeroshot": 0.2457677721977234,
            "jeopardy": 0.0,
            "lambada_openai": 0.0,
            "logi_qa": 0.20276497304439545,
            "math_qa": 0.24840764701366425,
            "mmlu": 0.23116857623844816,
            "mmlu_zeroshot": 0.23116857623844816,
            "openbook_qa": 0.23999999463558197,
            "piqa": 0.49945592880249023,
            "pubmed_qa_labeled": 0.0,
            "simple_arithmetic_nospaces": 0.0,
            "simple_arithmetic_withspaces": 0.007000000216066837,
            "siqa": 0.48413512110710144,
            "squad": 0.0,
            "winogender_mc_female": 0.6000000238418579,
            "winogender_mc_male": 0.4166666567325592,
            "winograd": 0.5018315315246582,
            "winogrande": 0.5169692039489746
        }
    }
}