{
    "name": "/mnt/task_runtime/dcnlp/eval/heavy",
    "uuid": "5468759f-8420-4859-9d73-db09b03dbba1",
    "model": "d=1024_l=24_h=8",
    "creation_date": "2024_02_12-12_42_31",
    "eval_metrics": {
        "icl": {
            "agi_eval_lsat_ar": 0.21739129722118378,
            "agi_eval_lsat_rc": 0.24626865983009338,
            "agi_eval_lsat_lr": 0.2607843279838562,
            "agi_eval_sat_en": 0.27184465527534485,
            "arc_easy": 0.4541245698928833,
            "arc_challenge": 0.22184300422668457,
            "bbq": 0.4906850213354284,
            "bigbench_conceptual_combinations": 0.2330097109079361,
            "bigbench_conlang_translation": 0.012195121496915817,
            "bigbench_cs_algorithms": 0.37803030014038086,
            "bigbench_dyck_languages": 0.1120000034570694,
            "bigbench_elementary_math_qa": 0.25458595156669617,
            "bigbench_misconceptions": 0.5068492889404297,
            "bigbench_language_identification": 0.2506999969482422,
            "bigbench_logical_deduction": 0.25466665625572205,
            "bigbench_novel_concepts": 0.375,
            "bigbench_operators": 0.15714286267757416,
            "bigbench_repeat_copy_logic": 0.0,
            "bigbench_qa_wikidata": 0.5024850964546204,
            "bigbench_strange_stories": 0.45402297377586365,
            "bigbench_strategy_qa": 0.496723473072052,
            "bigbench_understanding_fables": 0.3333333432674408,
            "boolq": 0.46177369356155396,
            "commonsense_qa": 0.2588042616844177,
            "copa": 0.6600000262260437,
            "coqa": 0.143805593252182,
            "enterprise_pii_classification": 0.496023565530777,
            "hellaswag": 0.4497112035751343,
            "hellaswag_zeroshot": 0.444732129573822,
            "jeopardy": 0.0005361930467188359,
            "lambada_openai": 0.38230156898498535,
            "logi_qa": 0.24884793162345886,
            "math_qa": 0.24103251099586487,
            "mmlu": 0.24111026930704452,
            "mmlu_zeroshot": 0.23167266291484498,
            "openbook_qa": 0.32600000500679016,
            "piqa": 0.6980413198471069,
            "pubmed_qa_labeled": 0.44999998807907104,
            "simple_arithmetic_nospaces": 0.004000000189989805,
            "simple_arithmetic_withspaces": 0.007000000216066837,
            "siqa": 0.4953940510749817,
            "squad": 0.03178808093070984,
            "winogender_mc_female": 0.5333333611488342,
            "winogender_mc_male": 0.550000011920929,
            "winograd": 0.622710645198822,
            "winogrande": 0.5359116196632385
        }
    }
}