{
    "name": "/mnt/task_runtime/dcnlp/eval/heavy",
    "uuid": "7db6f011-5f03-4849-8e72-e763d7e47bc5",
    "model": "d=1024_l=24_h=8",
    "creation_date": "2024_02_15-11_39_13",
    "eval_metrics": {
        "icl": {
            "agi_eval_lsat_ar": 0.2130434811115265,
            "agi_eval_lsat_rc": 0.2723880708217621,
            "agi_eval_lsat_lr": 0.2549019753932953,
            "agi_eval_sat_en": 0.223300963640213,
            "arc_easy": 0.5147306323051453,
            "arc_challenge": 0.24573378264904022,
            "bbq": 0.46652959422631696,
            "bigbench_conceptual_combinations": 0.27184465527534485,
            "bigbench_conlang_translation": 0.012195121496915817,
            "bigbench_cs_algorithms": 0.38712120056152344,
            "bigbench_dyck_languages": 0.12099999934434891,
            "bigbench_elementary_math_qa": 0.23349057137966156,
            "bigbench_misconceptions": 0.45205479860305786,
            "bigbench_language_identification": 0.2513999938964844,
            "bigbench_logical_deduction": 0.273333340883255,
            "bigbench_novel_concepts": 0.4375,
            "bigbench_operators": 0.12857143580913544,
            "bigbench_repeat_copy_logic": 0.0625,
            "bigbench_qa_wikidata": 0.5778259038925171,
            "bigbench_strange_stories": 0.4655172526836395,
            "bigbench_strategy_qa": 0.4783748388290405,
            "bigbench_understanding_fables": 0.24867725372314453,
            "boolq": 0.5229358077049255,
            "commonsense_qa": 0.2153972089290619,
            "copa": 0.6800000071525574,
            "coqa": 0.18276336789131165,
            "enterprise_pii_classification": 0.5063328146934509,
            "hellaswag": 0.5109540224075317,
            "hellaswag_zeroshot": 0.5079665184020996,
            "jeopardy": 0.0005479452200233936,
            "lambada_openai": 0.4436250627040863,
            "logi_qa": 0.2626728117465973,
            "math_qa": 0.2470667064189911,
            "mmlu": 0.24341673168696856,
            "mmlu_zeroshot": 0.23506299889924234,
            "openbook_qa": 0.328000009059906,
            "piqa": 0.7149075269699097,
            "pubmed_qa_labeled": 0.41999998688697815,
            "simple_arithmetic_nospaces": 0.0010000000474974513,
            "simple_arithmetic_withspaces": 0.0010000000474974513,
            "siqa": 0.4979529082775116,
            "squad": 0.1106906309723854,
            "winogender_mc_female": 0.36666667461395264,
            "winogender_mc_male": 0.5166666507720947,
            "winograd": 0.6996337175369263,
            "winogrande": 0.5232833623886108
        }
    }
}