{
    "name": "/mnt/task_runtime/dcnlp/eval/heavy",
    "uuid": "7c14f594-6516-4e2b-83f7-3cc254e03838",
    "model": "d=512_l=8_h=4",
    "creation_date": "2024_01_29-15_06_07",
    "eval_metrics": {
        "icl": {
            "agi_eval_lsat_ar": 0.186956524848938,
            "agi_eval_lsat_rc": 0.28358209133148193,
            "agi_eval_lsat_lr": 0.2647058963775635,
            "agi_eval_sat_en": 0.3009708821773529,
            "arc_easy": 0.3345959484577179,
            "arc_challenge": 0.23122866451740265,
            "bbq": 0.42568929899822583,
            "bigbench_conceptual_combinations": 0.19417475163936615,
            "bigbench_conlang_translation": 0.0,
            "bigbench_cs_algorithms": 0.3840909004211426,
            "bigbench_dyck_languages": 0.0560000017285347,
            "bigbench_elementary_math_qa": 0.2637840807437897,
            "bigbench_misconceptions": 0.47488585114479065,
            "bigbench_language_identification": 0.25450000166893005,
            "bigbench_logical_deduction": 0.23666666448116302,
            "bigbench_novel_concepts": 0.40625,
            "bigbench_operators": 0.05238095298409462,
            "bigbench_repeat_copy_logic": 0.0,
            "bigbench_qa_wikidata": 0.0970916822552681,
            "bigbench_strange_stories": 0.4137931168079376,
            "bigbench_strategy_qa": 0.4844910502433777,
            "bigbench_understanding_fables": 0.29629629850387573,
            "boolq": 0.5948012471199036,
            "commonsense_qa": 0.2858312726020813,
            "copa": 0.5299999713897705,
            "coqa": 0.04359263554215431,
            "enterprise_pii_classification": 0.4930780529975891,
            "hellaswag": 0.28121888637542725,
            "hellaswag_zeroshot": 0.2816171944141388,
            "jeopardy": 0.0,
            "lambada_openai": 0.18338832259178162,
            "logi_qa": 0.2304147481918335,
            "math_qa": 0.23935635387897491,
            "mmlu": 0.24107008531951069,
            "mmlu_zeroshot": 0.23090886180860953,
            "openbook_qa": 0.257999986410141,
            "piqa": 0.6126224398612976,
            "pubmed_qa_labeled": 0.4659999907016754,
            "simple_arithmetic_nospaces": 0.004999999888241291,
            "simple_arithmetic_withspaces": 0.003000000026077032,
            "siqa": 0.48720574378967285,
            "squad": 0.0017029328737407923,
            "winogender_mc_female": 0.4000000059604645,
            "winogender_mc_male": 0.46666666865348816,
            "winograd": 0.5054945349693298,
            "winogrande": 0.54222571849823
        }
    }
}