{
    "name": "/mnt/task_runtime/dcnlp/eval/heavy",
    "uuid": "88f1e24c-1477-4c32-80cf-6fb6756db924",
    "model": "d=1024_l=24_h=8",
    "creation_date": "2024_01_29-13_14_14",
    "eval_metrics": {
        "icl": {
            "agi_eval_lsat_ar": 0.17826086282730103,
            "agi_eval_lsat_rc": 0.2723880708217621,
            "agi_eval_lsat_lr": 0.2862745225429535,
            "agi_eval_sat_en": 0.2572815418243408,
            "arc_easy": 0.3526936173439026,
            "arc_challenge": 0.2175767868757248,
            "bbq": 0.4435664550824599,
            "bigbench_conceptual_combinations": 0.26213592290878296,
            "bigbench_conlang_translation": 0.006097560748457909,
            "bigbench_cs_algorithms": 0.415909081697464,
            "bigbench_dyck_languages": 0.10199999809265137,
            "bigbench_elementary_math_qa": 0.2694968581199646,
            "bigbench_misconceptions": 0.47488585114479065,
            "bigbench_language_identification": 0.25429999828338623,
            "bigbench_logical_deduction": 0.23800000548362732,
            "bigbench_novel_concepts": 0.40625,
            "bigbench_operators": 0.10000000149011612,
            "bigbench_repeat_copy_logic": 0.0,
            "bigbench_qa_wikidata": 0.1825205385684967,
            "bigbench_strange_stories": 0.3965517282485962,
            "bigbench_strategy_qa": 0.5176933407783508,
            "bigbench_understanding_fables": 0.26455026865005493,
            "boolq": 0.6094801425933838,
            "commonsense_qa": 0.2907452881336212,
            "copa": 0.550000011920929,
            "coqa": 0.07227858901023865,
            "enterprise_pii_classification": 0.48983800411224365,
            "hellaswag": 0.28311094641685486,
            "hellaswag_zeroshot": 0.27982473373413086,
            "jeopardy": 0.0029851083643734457,
            "lambada_openai": 0.22841063141822815,
            "logi_qa": 0.2611367106437683,
            "math_qa": 0.24807241559028625,
            "mmlu": 0.24479556972520394,
            "mmlu_zeroshot": 0.23078272609334244,
            "openbook_qa": 0.2639999985694885,
            "piqa": 0.6099020838737488,
            "pubmed_qa_labeled": 0.5149999856948853,
            "simple_arithmetic_nospaces": 0.006000000052154064,
            "simple_arithmetic_withspaces": 0.0020000000949949026,
            "siqa": 0.5112589597702026,
            "squad": 0.007095553446561098,
            "winogender_mc_female": 0.5333333611488342,
            "winogender_mc_male": 0.4833333194255829,
            "winograd": 0.5494505763053894,
            "winogrande": 0.5067087411880493
        }
    }
}