{
    "name": "/mnt/task_runtime/dcnlp/eval/heavy",
    "uuid": "d23b2d0b-346b-44b6-abc7-8b96ff6c53de",
    "model": "open_lm_1b",
    "creation_date": "2024_02_15-11_00_51",
    "eval_metrics": {
        "icl": {
            "agi_eval_lsat_ar": 0.17826086282730103,
            "agi_eval_lsat_rc": 0.23507462441921234,
            "agi_eval_lsat_lr": 0.27450981736183167,
            "agi_eval_sat_en": 0.24271844327449799,
            "arc_easy": 0.5286195278167725,
            "arc_challenge": 0.26791808009147644,
            "bbq": 0.48089424859393726,
            "bigbench_conceptual_combinations": 0.21359223127365112,
            "bigbench_conlang_translation": 0.012195121496915817,
            "bigbench_cs_algorithms": 0.3863636255264282,
            "bigbench_dyck_languages": 0.14100000262260437,
            "bigbench_elementary_math_qa": 0.24698637425899506,
            "bigbench_misconceptions": 0.5205479264259338,
            "bigbench_language_identification": 0.25609999895095825,
            "bigbench_logical_deduction": 0.2606666684150696,
            "bigbench_novel_concepts": 0.4375,
            "bigbench_operators": 0.20000000298023224,
            "bigbench_repeat_copy_logic": 0.0,
            "bigbench_qa_wikidata": 0.5690664649009705,
            "bigbench_strange_stories": 0.5,
            "bigbench_strategy_qa": 0.5150721073150635,
            "bigbench_understanding_fables": 0.26455026865005493,
            "boolq": 0.5085626840591431,
            "commonsense_qa": 0.2432432472705841,
            "copa": 0.6499999761581421,
            "coqa": 0.17224101722240448,
            "enterprise_pii_classification": 0.5119293332099915,
            "hellaswag": 0.5263891816139221,
            "hellaswag_zeroshot": 0.5224059224128723,
            "jeopardy": 0.0028929974883794784,
            "lambada_openai": 0.4542984664440155,
            "logi_qa": 0.2549923062324524,
            "math_qa": 0.2504190504550934,
            "mmlu": 0.23733976339561896,
            "mmlu_zeroshot": 0.2348141411417409,
            "openbook_qa": 0.34599998593330383,
            "piqa": 0.7279651761054993,
            "pubmed_qa_labeled": 0.4339999854564667,
            "simple_arithmetic_nospaces": 0.007000000216066837,
            "simple_arithmetic_withspaces": 0.0020000000949949026,
            "siqa": 0.48157626390457153,
            "squad": 0.10804162919521332,
            "winogender_mc_female": 0.4333333373069763,
            "winogender_mc_male": 0.5,
            "winograd": 0.6886447072029114,
            "winogrande": 0.5248618721961975
        }
    }
}