{
    "name": "/mnt/task_runtime/dcnlp/eval/heavy",
    "uuid": "4eb41a68-89fc-48a1-927a-8adfa3ba8be4",
    "model": "d=576_l=24_h=8",
    "creation_date": "2024_01_30-00_00_33",
    "eval_metrics": {
        "icl": {
            "agi_eval_lsat_ar": 0.20434781908988953,
            "agi_eval_lsat_rc": 0.24626865983009338,
            "agi_eval_lsat_lr": 0.2921568751335144,
            "agi_eval_sat_en": 0.291262149810791,
            "arc_easy": 0.2933501601219177,
            "arc_challenge": 0.22525596618652344,
            "bbq": 0.4471492821520025,
            "bigbench_conceptual_combinations": 0.2330097109079361,
            "bigbench_conlang_translation": 0.0,
            "bigbench_cs_algorithms": 0.3954545557498932,
            "bigbench_dyck_languages": 0.010999999940395355,
            "bigbench_elementary_math_qa": 0.2687107026576996,
            "bigbench_misconceptions": 0.5114155411720276,
            "bigbench_language_identification": 0.2524999976158142,
            "bigbench_logical_deduction": 0.24133333563804626,
            "bigbench_novel_concepts": 0.375,
            "bigbench_operators": 0.06666667014360428,
            "bigbench_repeat_copy_logic": 0.0,
            "bigbench_qa_wikidata": 0.05777274817228317,
            "bigbench_strange_stories": 0.4482758641242981,
            "bigbench_strategy_qa": 0.48012232780456543,
            "bigbench_understanding_fables": 0.31216931343078613,
            "boolq": 0.38134557008743286,
            "commonsense_qa": 0.2719082832336426,
            "copa": 0.46000000834465027,
            "coqa": 0.012276086956262589,
            "enterprise_pii_classification": 0.5063328146934509,
            "hellaswag": 0.25522804260253906,
            "hellaswag_zeroshot": 0.25652259588241577,
            "jeopardy": 0.0005361930467188359,
            "lambada_openai": 0.1061517596244812,
            "logi_qa": 0.21658986806869507,
            "math_qa": 0.243043914437294,
            "mmlu": 0.23763826633231683,
            "mmlu_zeroshot": 0.2318177361760223,
            "openbook_qa": 0.23999999463558197,
            "piqa": 0.5582154393196106,
            "pubmed_qa_labeled": 0.27000001072883606,
            "simple_arithmetic_nospaces": 0.0010000000474974513,
            "simple_arithmetic_withspaces": 0.003000000026077032,
            "siqa": 0.498976469039917,
            "squad": 0.0005676442524418235,
            "winogender_mc_female": 0.5666666626930237,
            "winogender_mc_male": 0.46666666865348816,
            "winograd": 0.5347985625267029,
            "winogrande": 0.4838200509548187
        }
    }
}