{
    "name": "/mnt/task_runtime/dcnlp/eval/heavy",
    "uuid": "5c71ed01-3fc3-44df-adb9-dfc14d8a193c",
    "model": "d=1024_l=24_h=8",
    "creation_date": "2024_01_29-21_58_32",
    "eval_metrics": {
        "icl": {
            "agi_eval_lsat_ar": 0.20000000298023224,
            "agi_eval_lsat_rc": 0.302238792181015,
            "agi_eval_lsat_lr": 0.2647058963775635,
            "agi_eval_sat_en": 0.3009708821773529,
            "arc_easy": 0.341329962015152,
            "arc_challenge": 0.22440272569656372,
            "bbq": 0.44257809628139844,
            "bigbench_conceptual_combinations": 0.291262149810791,
            "bigbench_conlang_translation": 0.006097560748457909,
            "bigbench_cs_algorithms": 0.3492424190044403,
            "bigbench_dyck_languages": 0.054999999701976776,
            "bigbench_elementary_math_qa": 0.2740303874015808,
            "bigbench_misconceptions": 0.49771690368652344,
            "bigbench_language_identification": 0.2556999921798706,
            "bigbench_logical_deduction": 0.23933333158493042,
            "bigbench_novel_concepts": 0.3125,
            "bigbench_operators": 0.0476190485060215,
            "bigbench_repeat_copy_logic": 0.0,
            "bigbench_qa_wikidata": 0.14320161938667297,
            "bigbench_strange_stories": 0.4482758641242981,
            "bigbench_strategy_qa": 0.496723473072052,
            "bigbench_understanding_fables": 0.26455026865005493,
            "boolq": 0.49143731594085693,
            "commonsense_qa": 0.2694512605667114,
            "copa": 0.550000011920929,
            "coqa": 0.04208943992853165,
            "enterprise_pii_classification": 0.4512518346309662,
            "hellaswag": 0.28131845593452454,
            "hellaswag_zeroshot": 0.28251343965530396,
            "jeopardy": 0.0,
            "lambada_openai": 0.16902774572372437,
            "logi_qa": 0.22580644488334656,
            "math_qa": 0.2504190504550934,
            "mmlu": 0.23942957870792925,
            "mmlu_zeroshot": 0.23110839776825487,
            "openbook_qa": 0.27399998903274536,
            "piqa": 0.6050054430961609,
            "pubmed_qa_labeled": 0.1340000033378601,
            "simple_arithmetic_nospaces": 0.0020000000949949026,
            "simple_arithmetic_withspaces": 0.0,
            "siqa": 0.4984646737575531,
            "squad": 0.0014191106893122196,
            "winogender_mc_female": 0.4833333194255829,
            "winogender_mc_male": 0.4833333194255829,
            "winograd": 0.5384615659713745,
            "winogrande": 0.5209155678749084
        }
    }
}