{
    "name": "/mnt/task_runtime/dcnlp/eval/heavy",
    "uuid": "63378ad5-63f6-439e-95ff-e26853e89cef",
    "model": "d=512_l=8_h=4",
    "creation_date": "2024_01_29-20_38_22",
    "eval_metrics": {
        "icl": {
            "agi_eval_lsat_ar": 0.19130434095859528,
            "agi_eval_lsat_rc": 0.28358209133148193,
            "agi_eval_lsat_lr": 0.2666666805744171,
            "agi_eval_sat_en": 0.2864077687263489,
            "arc_easy": 0.35900673270225525,
            "arc_challenge": 0.2346416413784027,
            "bbq": 0.41879727894609625,
            "bigbench_conceptual_combinations": 0.27184465527534485,
            "bigbench_conlang_translation": 0.012195121496915817,
            "bigbench_cs_algorithms": 0.38333332538604736,
            "bigbench_dyck_languages": 0.03099999949336052,
            "bigbench_elementary_math_qa": 0.2608490586280823,
            "bigbench_misconceptions": 0.47031962871551514,
            "bigbench_language_identification": 0.2506999969482422,
            "bigbench_logical_deduction": 0.22333332896232605,
            "bigbench_novel_concepts": 0.40625,
            "bigbench_operators": 0.10476190596818924,
            "bigbench_repeat_copy_logic": 0.0,
            "bigbench_qa_wikidata": 0.0901530459523201,
            "bigbench_strange_stories": 0.4195402264595032,
            "bigbench_strategy_qa": 0.512887716293335,
            "bigbench_understanding_fables": 0.28042328357696533,
            "boolq": 0.5712538361549377,
            "commonsense_qa": 0.2702702581882477,
            "copa": 0.550000011920929,
            "coqa": 0.04246523976325989,
            "enterprise_pii_classification": 0.5051546096801758,
            "hellaswag": 0.2841067612171173,
            "hellaswag_zeroshot": 0.2830113470554352,
            "jeopardy": 0.0,
            "lambada_openai": 0.1975548267364502,
            "logi_qa": 0.20276497304439545,
            "math_qa": 0.25209519267082214,
            "mmlu": 0.23326558711235984,
            "mmlu_zeroshot": 0.2321161308832336,
            "openbook_qa": 0.2680000066757202,
            "piqa": 0.6175190210342407,
            "pubmed_qa_labeled": 0.4020000100135803,
            "simple_arithmetic_nospaces": 0.003000000026077032,
            "simple_arithmetic_withspaces": 0.004000000189989805,
            "siqa": 0.48259979486465454,
            "squad": 0.0012298959773033857,
            "winogender_mc_female": 0.46666666865348816,
            "winogender_mc_male": 0.44999998807907104,
            "winograd": 0.5347985625267029,
            "winogrande": 0.49723756313323975
        }
    }
}