{
    "name": "/mnt/task_runtime/dcnlp/eval/heavy",
    "uuid": "4b2b7983-228a-4ddc-b59d-2ecda19e2f7c",
    "model": "open_lm_1b",
    "creation_date": "2024_02_15-12_49_32",
    "eval_metrics": {
        "icl": {
            "agi_eval_lsat_ar": 0.21739129722118378,
            "agi_eval_lsat_rc": 0.2276119440793991,
            "agi_eval_lsat_lr": 0.2705882489681244,
            "agi_eval_sat_en": 0.28155338764190674,
            "arc_easy": 0.624579131603241,
            "arc_challenge": 0.31740614771842957,
            "bbq": 0.48544092882763257,
            "bigbench_conceptual_combinations": 0.24271844327449799,
            "bigbench_conlang_translation": 0.018292682245373726,
            "bigbench_cs_algorithms": 0.4477272629737854,
            "bigbench_dyck_languages": 0.15000000596046448,
            "bigbench_elementary_math_qa": 0.25317084789276123,
            "bigbench_misconceptions": 0.4794520437717438,
            "bigbench_language_identification": 0.2565999925136566,
            "bigbench_logical_deduction": 0.24666666984558105,
            "bigbench_novel_concepts": 0.4375,
            "bigbench_operators": 0.17619048058986664,
            "bigbench_repeat_copy_logic": 0.0625,
            "bigbench_qa_wikidata": 0.6214261054992676,
            "bigbench_strange_stories": 0.4885057508945465,
            "bigbench_strategy_qa": 0.5045871734619141,
            "bigbench_understanding_fables": 0.24867725372314453,
            "boolq": 0.6180428266525269,
            "commonsense_qa": 0.25307124853134155,
            "copa": 0.7400000095367432,
            "coqa": 0.2960039973258972,
            "enterprise_pii_classification": 0.45184093713760376,
            "hellaswag": 0.6508663892745972,
            "hellaswag_zeroshot": 0.6456881165504456,
            "jeopardy": 0.043722959235310555,
            "lambada_openai": 0.5505530834197998,
            "logi_qa": 0.25038403272628784,
            "math_qa": 0.24874287843704224,
            "mmlu": 0.24884955480433346,
            "mmlu_zeroshot": 0.23839167544716283,
            "openbook_qa": 0.38600000739097595,
            "piqa": 0.7611533999443054,
            "pubmed_qa_labeled": 0.5260000228881836,
            "simple_arithmetic_nospaces": 0.004000000189989805,
            "simple_arithmetic_withspaces": 0.006000000052154064,
            "siqa": 0.5133060216903687,
            "squad": 0.35260170698165894,
            "winogender_mc_female": 0.4333333373069763,
            "winogender_mc_male": 0.46666666865348816,
            "winograd": 0.8021978139877319,
            "winogrande": 0.5998421311378479
        }
    }
}