{
    "name": "/mnt/task_runtime/dcnlp/eval/heavy",
    "uuid": "a8986d10-5392-494a-8151-f77ec5d28785",
    "model": "d=512_l=8_h=4",
    "creation_date": "2024_01_29-13_01_04",
    "eval_metrics": {
        "icl": {
            "agi_eval_lsat_ar": 0.186956524848938,
            "agi_eval_lsat_rc": 0.23134328424930573,
            "agi_eval_lsat_lr": 0.29019609093666077,
            "agi_eval_sat_en": 0.24271844327449799,
            "arc_easy": 0.32828283309936523,
            "arc_challenge": 0.22781570255756378,
            "bbq": 0.4473928294398568,
            "bigbench_conceptual_combinations": 0.223300963640213,
            "bigbench_conlang_translation": 0.0,
            "bigbench_cs_algorithms": 0.43560606241226196,
            "bigbench_dyck_languages": 0.04899999871850014,
            "bigbench_elementary_math_qa": 0.26449161767959595,
            "bigbench_misconceptions": 0.5068492889404297,
            "bigbench_language_identification": 0.2565000057220459,
            "bigbench_logical_deduction": 0.24666666984558105,
            "bigbench_novel_concepts": 0.3125,
            "bigbench_operators": 0.06666667014360428,
            "bigbench_repeat_copy_logic": 0.0,
            "bigbench_qa_wikidata": 0.09389301389455795,
            "bigbench_strange_stories": 0.3965517282485962,
            "bigbench_strategy_qa": 0.48405417799949646,
            "bigbench_understanding_fables": 0.2539682686328888,
            "boolq": 0.6094801425933838,
            "commonsense_qa": 0.3054873049259186,
            "copa": 0.550000011920929,
            "coqa": 0.041838906705379486,
            "enterprise_pii_classification": 0.49631810188293457,
            "hellaswag": 0.2641904056072235,
            "hellaswag_zeroshot": 0.2657836973667145,
            "jeopardy": 0.0004201680887490511,
            "lambada_openai": 0.20434698462486267,
            "logi_qa": 0.27496159076690674,
            "math_qa": 0.24874287843704224,
            "mmlu": 0.24382512258333072,
            "mmlu_zeroshot": 0.23216514629230164,
            "openbook_qa": 0.2639999985694885,
            "piqa": 0.5565832257270813,
            "pubmed_qa_labeled": 0.4350000023841858,
            "simple_arithmetic_nospaces": 0.0020000000949949026,
            "simple_arithmetic_withspaces": 0.006000000052154064,
            "siqa": 0.4984646737575531,
            "squad": 0.0035950804594904184,
            "winogender_mc_female": 0.5666666626930237,
            "winogender_mc_male": 0.44999998807907104,
            "winograd": 0.5347985625267029,
            "winogrande": 0.5027624368667603
        }
    }
}