{
    "name": "/mnt/task_runtime/dcnlp/eval/heavy",
    "uuid": "87fb59b4-59f8-47fc-b44e-06eb2ef31ebe",
    "model": "d=576_l=24_h=8",
    "creation_date": "2024_02_12-13_16_09",
    "eval_metrics": {
        "icl": {
            "agi_eval_lsat_ar": 0.19130434095859528,
            "agi_eval_lsat_rc": 0.21268656849861145,
            "agi_eval_lsat_lr": 0.2549019753932953,
            "agi_eval_sat_en": 0.24271844327449799,
            "arc_easy": 0.4069865345954895,
            "arc_challenge": 0.22952218353748322,
            "bbq": 0.48567199977961456,
            "bigbench_conceptual_combinations": 0.27184465527534485,
            "bigbench_conlang_translation": 0.012195121496915817,
            "bigbench_cs_algorithms": 0.3742424249649048,
            "bigbench_dyck_languages": 0.1589999943971634,
            "bigbench_elementary_math_qa": 0.2518343925476074,
            "bigbench_misconceptions": 0.49771690368652344,
            "bigbench_language_identification": 0.25279998779296875,
            "bigbench_logical_deduction": 0.24933333694934845,
            "bigbench_novel_concepts": 0.375,
            "bigbench_operators": 0.11428571492433548,
            "bigbench_repeat_copy_logic": 0.03125,
            "bigbench_qa_wikidata": 0.37542444467544556,
            "bigbench_strange_stories": 0.477011501789093,
            "bigbench_strategy_qa": 0.5216251611709595,
            "bigbench_understanding_fables": 0.2539682686328888,
            "boolq": 0.6033639311790466,
            "commonsense_qa": 0.2858312726020813,
            "copa": 0.5899999737739563,
            "coqa": 0.10134034603834152,
            "enterprise_pii_classification": 0.5022091269493103,
            "hellaswag": 0.32513442635536194,
            "hellaswag_zeroshot": 0.3259311020374298,
            "jeopardy": 0.008799120550975204,
            "lambada_openai": 0.30914029479026794,
            "logi_qa": 0.23963133990764618,
            "math_qa": 0.24371437728405,
            "mmlu": 0.24540268028514428,
            "mmlu_zeroshot": 0.23269597584741158,
            "openbook_qa": 0.2939999997615814,
            "piqa": 0.6507073044776917,
            "pubmed_qa_labeled": 0.527999997138977,
            "simple_arithmetic_nospaces": 0.003000000026077032,
            "simple_arithmetic_withspaces": 0.004000000189989805,
            "siqa": 0.48874104022979736,
            "squad": 0.028855251148343086,
            "winogender_mc_female": 0.46666666865348816,
            "winogender_mc_male": 0.46666666865348816,
            "winograd": 0.5347985625267029,
            "winogrande": 0.5051302313804626
        }
    }
}