{
    "name": "/mnt/task_runtime/dcnlp/eval/heavy",
    "uuid": "272f45cb-1f88-4734-a13f-abdcdeac52a0",
    "model": "d=1024_l=24_h=8",
    "creation_date": "2024_01_29-22_01_05",
    "eval_metrics": {
        "icl": {
            "agi_eval_lsat_ar": 0.25217390060424805,
            "agi_eval_lsat_rc": 0.2537313401699066,
            "agi_eval_lsat_lr": 0.23725490272045135,
            "agi_eval_sat_en": 0.24757280945777893,
            "arc_easy": 0.4625420868396759,
            "arc_challenge": 0.2448805421590805,
            "bbq": 0.44643162055449054,
            "bigbench_conceptual_combinations": 0.27184465527534485,
            "bigbench_conlang_translation": 0.012195121496915817,
            "bigbench_cs_algorithms": 0.4598484933376312,
            "bigbench_dyck_languages": 0.12999999523162842,
            "bigbench_elementary_math_qa": 0.2554769515991211,
            "bigbench_misconceptions": 0.4931506812572479,
            "bigbench_language_identification": 0.26089999079704285,
            "bigbench_logical_deduction": 0.2619999945163727,
            "bigbench_novel_concepts": 0.3125,
            "bigbench_operators": 0.15714286267757416,
            "bigbench_repeat_copy_logic": 0.0,
            "bigbench_qa_wikidata": 0.441021591424942,
            "bigbench_strange_stories": 0.45402297377586365,
            "bigbench_strategy_qa": 0.48754915595054626,
            "bigbench_understanding_fables": 0.2222222238779068,
            "boolq": 0.5538226366043091,
            "commonsense_qa": 0.315315306186676,
            "copa": 0.6299999952316284,
            "coqa": 0.138168603181839,
            "enterprise_pii_classification": 0.4603829085826874,
            "hellaswag": 0.3683529198169708,
            "hellaswag_zeroshot": 0.3683529198169708,
            "jeopardy": 0.01844355873763561,
            "lambada_openai": 0.3636716604232788,
            "logi_qa": 0.27496159076690674,
            "math_qa": 0.24505531787872314,
            "mmlu": 0.24440395583709082,
            "mmlu_zeroshot": 0.23142484954574652,
            "openbook_qa": 0.3019999861717224,
            "piqa": 0.6659412384033203,
            "pubmed_qa_labeled": 0.4090000092983246,
            "simple_arithmetic_nospaces": 0.0,
            "simple_arithmetic_withspaces": 0.0020000000949949026,
            "siqa": 0.4933469891548157,
            "squad": 0.09243141114711761,
            "winogender_mc_female": 0.550000011920929,
            "winogender_mc_male": 0.4166666567325592,
            "winograd": 0.622710645198822,
            "winogrande": 0.5003946423530579
        }
    }
}