{
    "name": "/mnt/task_runtime/dcnlp/eval/heavy",
    "uuid": "74847e28-05eb-4a79-ac02-fcc2947f92d2",
    "model": "d=576_l=24_h=8",
    "creation_date": "2024_02_12-21_33_38",
    "eval_metrics": {
        "icl": {
            "agi_eval_lsat_ar": 0.1608695685863495,
            "agi_eval_lsat_rc": 0.23507462441921234,
            "agi_eval_lsat_lr": 0.272549033164978,
            "agi_eval_sat_en": 0.25242719054222107,
            "arc_easy": 0.4196127951145172,
            "arc_challenge": 0.22610922157764435,
            "bbq": 0.4921942786736922,
            "bigbench_conceptual_combinations": 0.2330097109079361,
            "bigbench_conlang_translation": 0.012195121496915817,
            "bigbench_cs_algorithms": 0.37196969985961914,
            "bigbench_dyck_languages": 0.09399999678134918,
            "bigbench_elementary_math_qa": 0.24848008155822754,
            "bigbench_misconceptions": 0.4931506812572479,
            "bigbench_language_identification": 0.2563999891281128,
            "bigbench_logical_deduction": 0.26866665482521057,
            "bigbench_novel_concepts": 0.375,
            "bigbench_operators": 0.16190476715564728,
            "bigbench_repeat_copy_logic": 0.03125,
            "bigbench_qa_wikidata": 0.41508784890174866,
            "bigbench_strange_stories": 0.4482758641242981,
            "bigbench_strategy_qa": 0.5124508738517761,
            "bigbench_understanding_fables": 0.2857142984867096,
            "boolq": 0.5379204750061035,
            "commonsense_qa": 0.23505324125289917,
            "copa": 0.6200000047683716,
            "coqa": 0.1168733537197113,
            "enterprise_pii_classification": 0.5086892247200012,
            "hellaswag": 0.37422823905944824,
            "hellaswag_zeroshot": 0.3726349472999573,
            "jeopardy": 0.0005361930467188359,
            "lambada_openai": 0.3326217830181122,
            "logi_qa": 0.20890937745571136,
            "math_qa": 0.24371437728405,
            "mmlu": 0.2352484273805953,
            "mmlu_zeroshot": 0.23119556642415232,
            "openbook_qa": 0.3160000145435333,
            "piqa": 0.6800870299339294,
            "pubmed_qa_labeled": 0.42500001192092896,
            "simple_arithmetic_nospaces": 0.0,
            "simple_arithmetic_withspaces": 0.0010000000474974513,
            "siqa": 0.48106446862220764,
            "squad": 0.04342478886246681,
            "winogender_mc_female": 0.550000011920929,
            "winogender_mc_male": 0.46666666865348816,
            "winograd": 0.5860806107521057,
            "winogrande": 0.5382794141769409
        }
    }
}