{
    "name": "/mnt/task_runtime/dcnlp/eval/heavy",
    "uuid": "c1b9de58-ebf9-4263-a241-fc0ef4cb948c",
    "model": "d=512_l=8_h=4",
    "creation_date": "2024_01_29-13_31_36",
    "eval_metrics": {
        "icl": {
            "agi_eval_lsat_ar": 0.19565217196941376,
            "agi_eval_lsat_rc": 0.25,
            "agi_eval_lsat_lr": 0.26862746477127075,
            "agi_eval_sat_en": 0.3009708821773529,
            "arc_easy": 0.3792087435722351,
            "arc_challenge": 0.21501706540584564,
            "bbq": 0.4183978113261136,
            "bigbench_conceptual_combinations": 0.19417475163936615,
            "bigbench_conlang_translation": 0.012195121496915817,
            "bigbench_cs_algorithms": 0.4068181812763214,
            "bigbench_dyck_languages": 0.14499999582767487,
            "bigbench_elementary_math_qa": 0.25196540355682373,
            "bigbench_misconceptions": 0.5022830963134766,
            "bigbench_language_identification": 0.2549999952316284,
            "bigbench_logical_deduction": 0.25466665625572205,
            "bigbench_novel_concepts": 0.46875,
            "bigbench_operators": 0.12380952388048172,
            "bigbench_repeat_copy_logic": 0.0,
            "bigbench_qa_wikidata": 0.24363958835601807,
            "bigbench_strange_stories": 0.4137931168079376,
            "bigbench_strategy_qa": 0.5198776721954346,
            "bigbench_understanding_fables": 0.27513226866722107,
            "boolq": 0.5529052019119263,
            "commonsense_qa": 0.2678132653236389,
            "copa": 0.5400000214576721,
            "coqa": 0.05273706465959549,
            "enterprise_pii_classification": 0.5181148648262024,
            "hellaswag": 0.2761402130126953,
            "hellaswag_zeroshot": 0.2747460603713989,
            "jeopardy": 0.0005361930467188359,
            "lambada_openai": 0.25286242365837097,
            "logi_qa": 0.24270352721214294,
            "math_qa": 0.24941334128379822,
            "mmlu": 0.23942101877509503,
            "mmlu_zeroshot": 0.23142659089021517,
            "openbook_qa": 0.2639999985694885,
            "piqa": 0.5914037227630615,
            "pubmed_qa_labeled": 0.5009999871253967,
            "simple_arithmetic_nospaces": 0.0,
            "simple_arithmetic_withspaces": 0.004000000189989805,
            "siqa": 0.49078813195228577,
            "squad": 0.008798486553132534,
            "winogender_mc_female": 0.5,
            "winogender_mc_male": 0.4833333194255829,
            "winograd": 0.5567765831947327,
            "winogrande": 0.5011839270591736
        }
    }
}