{
    "name": "/mnt/task_runtime/dcnlp/eval/heavy",
    "uuid": "86a1a2af-dd07-4d18-9cd9-2150eb08bf4e",
    "model": "d=512_l=8_h=4",
    "creation_date": "2024_01_29-20_53_42",
    "eval_metrics": {
        "icl": {
            "agi_eval_lsat_ar": 0.20434781908988953,
            "agi_eval_lsat_rc": 0.24253731966018677,
            "agi_eval_lsat_lr": 0.272549033164978,
            "agi_eval_sat_en": 0.22815534472465515,
            "arc_easy": 0.3707912564277649,
            "arc_challenge": 0.2184300273656845,
            "bbq": 0.44835265658118506,
            "bigbench_conceptual_combinations": 0.24271844327449799,
            "bigbench_conlang_translation": 0.018292682245373726,
            "bigbench_cs_algorithms": 0.415909081697464,
            "bigbench_dyck_languages": 0.10899999737739563,
            "bigbench_elementary_math_qa": 0.25872641801834106,
            "bigbench_misconceptions": 0.4840182662010193,
            "bigbench_language_identification": 0.2565000057220459,
            "bigbench_logical_deduction": 0.23600000143051147,
            "bigbench_novel_concepts": 0.375,
            "bigbench_operators": 0.11428571492433548,
            "bigbench_repeat_copy_logic": 0.0,
            "bigbench_qa_wikidata": 0.2066827416419983,
            "bigbench_strange_stories": 0.4252873659133911,
            "bigbench_strategy_qa": 0.5002184510231018,
            "bigbench_understanding_fables": 0.22751322388648987,
            "boolq": 0.6149846911430359,
            "commonsense_qa": 0.2538902461528778,
            "copa": 0.6100000143051147,
            "coqa": 0.07177753001451492,
            "enterprise_pii_classification": 0.4480117857456207,
            "hellaswag": 0.28659629821777344,
            "hellaswag_zeroshot": 0.28460466861724854,
            "jeopardy": 0.0005361930467188359,
            "lambada_openai": 0.2280225157737732,
            "logi_qa": 0.2549923062324524,
            "math_qa": 0.2497485727071762,
            "mmlu": 0.24669926391358962,
            "mmlu_zeroshot": 0.23076271200389192,
            "openbook_qa": 0.257999986410141,
            "piqa": 0.6137105822563171,
            "pubmed_qa_labeled": 0.5289999842643738,
            "simple_arithmetic_nospaces": 0.0020000000949949026,
            "simple_arithmetic_withspaces": 0.004999999888241291,
            "siqa": 0.4933469891548157,
            "squad": 0.002932828851044178,
            "winogender_mc_female": 0.5166666507720947,
            "winogender_mc_male": 0.4166666567325592,
            "winograd": 0.5677655935287476,
            "winogrande": 0.4964483082294464
        }
    }
}