{
    "name": "/mnt/task_runtime/dcnlp/eval/heavy",
    "uuid": "25b44f84-9b1e-4999-a5f0-085118e19d65",
    "model": "d=512_l=8_h=4",
    "creation_date": "2024_02_13-12_23_41",
    "eval_metrics": {
        "icl": {
            "agi_eval_lsat_ar": 0.25652173161506653,
            "agi_eval_lsat_rc": 0.21268656849861145,
            "agi_eval_lsat_lr": 0.27450981736183167,
            "agi_eval_sat_en": 0.21359223127365112,
            "arc_easy": 0.3998316526412964,
            "arc_challenge": 0.20989760756492615,
            "bbq": 0.4589403569698334,
            "bigbench_conceptual_combinations": 0.25242719054222107,
            "bigbench_conlang_translation": 0.012195121496915817,
            "bigbench_cs_algorithms": 0.4280303120613098,
            "bigbench_dyck_languages": 0.07699999958276749,
            "bigbench_elementary_math_qa": 0.25901466608047485,
            "bigbench_misconceptions": 0.47488585114479065,
            "bigbench_language_identification": 0.25360000133514404,
            "bigbench_logical_deduction": 0.25733333826065063,
            "bigbench_novel_concepts": 0.3125,
            "bigbench_operators": 0.10000000149011612,
            "bigbench_repeat_copy_logic": 0.03125,
            "bigbench_qa_wikidata": 0.30918753147125244,
            "bigbench_strange_stories": 0.4137931168079376,
            "bigbench_strategy_qa": 0.4914810061454773,
            "bigbench_understanding_fables": 0.27513226866722107,
            "boolq": 0.5152904987335205,
            "commonsense_qa": 0.25307124853134155,
            "copa": 0.5899999737739563,
            "coqa": 0.09257171303033829,
            "enterprise_pii_classification": 0.5048601031303406,
            "hellaswag": 0.3015335500240326,
            "hellaswag_zeroshot": 0.30043816566467285,
            "jeopardy": 0.0009044296108186245,
            "lambada_openai": 0.2740151286125183,
            "logi_qa": 0.26728111505508423,
            "math_qa": 0.25175997614860535,
            "mmlu": 0.24438388083587614,
            "mmlu_zeroshot": 0.23242868849059992,
            "openbook_qa": 0.2619999945163727,
            "piqa": 0.6267682313919067,
            "pubmed_qa_labeled": 0.46000000834465027,
            "simple_arithmetic_nospaces": 0.0,
            "simple_arithmetic_withspaces": 0.004000000189989805,
            "siqa": 0.5133060216903687,
            "squad": 0.012771996669471264,
            "winogender_mc_female": 0.44999998807907104,
            "winogender_mc_male": 0.4833333194255829,
            "winograd": 0.553113579750061,
            "winogrande": 0.49013417959213257
        }
    }
}