{
    "name": "/mnt/task_runtime/dcnlp/eval/heavy",
    "uuid": "6959ce39-2f08-4d19-9036-ce89cda4376f",
    "model": "d=576_l=24_h=8",
    "creation_date": "2024_01_29-13_26_18",
    "eval_metrics": {
        "icl": {
            "agi_eval_lsat_ar": 0.24347825348377228,
            "agi_eval_lsat_rc": 0.23134328424930573,
            "agi_eval_lsat_lr": 0.2568627595901489,
            "agi_eval_sat_en": 0.23786407709121704,
            "arc_easy": 0.4179292917251587,
            "arc_challenge": 0.23293516039848328,
            "bbq": 0.5179023525931619,
            "bigbench_conceptual_combinations": 0.26213592290878296,
            "bigbench_conlang_translation": 0.018292682245373726,
            "bigbench_cs_algorithms": 0.4068181812763214,
            "bigbench_dyck_languages": 0.09099999815225601,
            "bigbench_elementary_math_qa": 0.24981656670570374,
            "bigbench_misconceptions": 0.4429223835468292,
            "bigbench_language_identification": 0.2531000077724457,
            "bigbench_logical_deduction": 0.26600000262260437,
            "bigbench_novel_concepts": 0.40625,
            "bigbench_operators": 0.10952381044626236,
            "bigbench_repeat_copy_logic": 0.0,
            "bigbench_qa_wikidata": 0.41981202363967896,
            "bigbench_strange_stories": 0.4712643623352051,
            "bigbench_strategy_qa": 0.5024027824401855,
            "bigbench_understanding_fables": 0.25925925374031067,
            "boolq": 0.4727828800678253,
            "commonsense_qa": 0.3013922870159149,
            "copa": 0.5799999833106995,
            "coqa": 0.10447200387716293,
            "enterprise_pii_classification": 0.5007363557815552,
            "hellaswag": 0.3672575056552887,
            "hellaswag_zeroshot": 0.365763783454895,
            "jeopardy": 0.0,
            "lambada_openai": 0.3423248529434204,
            "logi_qa": 0.24884793162345886,
            "math_qa": 0.2463962435722351,
            "mmlu": 0.24465616609443697,
            "mmlu_zeroshot": 0.23289345126403005,
            "openbook_qa": 0.3019999861717224,
            "piqa": 0.6757345199584961,
            "pubmed_qa_labeled": 0.5239999890327454,
            "simple_arithmetic_nospaces": 0.0010000000474974513,
            "simple_arithmetic_withspaces": 0.004000000189989805,
            "siqa": 0.4969293773174286,
            "squad": 0.016177861019968987,
            "winogender_mc_female": 0.44999998807907104,
            "winogender_mc_male": 0.5166666507720947,
            "winograd": 0.593406617641449,
            "winogrande": 0.5027624368667603
        }
    }
}