{
    "name": "/mnt/task_runtime/dcnlp/eval/heavy",
    "uuid": "7a078a9c-2a07-4ab4-bdd2-ceb2aa82469e",
    "model": "d=96_l=8_h=4",
    "creation_date": "2024_01_29-14_41_12",
    "eval_metrics": {
        "icl": {
            "agi_eval_lsat_ar": 0.17826086282730103,
            "agi_eval_lsat_rc": 0.2761194109916687,
            "agi_eval_lsat_lr": 0.29019609093666077,
            "agi_eval_sat_en": 0.3009708821773529,
            "arc_easy": 0.2849326729774475,
            "arc_challenge": 0.20136518776416779,
            "bbq": 0.4461535459214991,
            "bigbench_conceptual_combinations": 0.2330097109079361,
            "bigbench_conlang_translation": 0.0,
            "bigbench_cs_algorithms": 0.17878787219524384,
            "bigbench_dyck_languages": 0.04699999839067459,
            "bigbench_elementary_math_qa": 0.26873689889907837,
            "bigbench_misconceptions": 0.4885844886302948,
            "bigbench_language_identification": 0.24969999492168427,
            "bigbench_logical_deduction": 0.2553333342075348,
            "bigbench_novel_concepts": 0.15625,
            "bigbench_operators": 0.08095238357782364,
            "bigbench_repeat_copy_logic": 0.0,
            "bigbench_qa_wikidata": 0.013434378430247307,
            "bigbench_strange_stories": 0.48275861144065857,
            "bigbench_strategy_qa": 0.48012232780456543,
            "bigbench_understanding_fables": 0.29100528359413147,
            "boolq": 0.46024465560913086,
            "commonsense_qa": 0.28337427973747253,
            "copa": 0.4399999976158142,
            "coqa": 0.011524489149451256,
            "enterprise_pii_classification": 0.5030927658081055,
            "hellaswag": 0.25343558192253113,
            "hellaswag_zeroshot": 0.25393348932266235,
            "jeopardy": 0.0005361930467188359,
            "lambada_openai": 0.05162041634321213,
            "logi_qa": 0.21966205537319183,
            "math_qa": 0.23768018186092377,
            "mmlu": 0.2387183151747051,
            "mmlu_zeroshot": 0.23133656722411775,
            "openbook_qa": 0.23000000417232513,
            "piqa": 0.5576713681221008,
            "pubmed_qa_labeled": 0.010999999940395355,
            "simple_arithmetic_nospaces": 0.007000000216066837,
            "simple_arithmetic_withspaces": 0.006000000052154064,
            "siqa": 0.4948822855949402,
            "squad": 0.00047303689643740654,
            "winogender_mc_female": 0.46666666865348816,
            "winogender_mc_male": 0.5,
            "winograd": 0.5274725556373596,
            "winogrande": 0.5043409466743469
        }
    }
}