{
    "name": "/mnt/task_runtime/dcnlp/eval/heavy",
    "uuid": "eb7507ef-1dea-4708-850b-d3bb6a63f94a",
    "model": "d=576_l=24_h=8",
    "creation_date": "2024_02_12-17_58_41",
    "eval_metrics": {
        "icl": {
            "agi_eval_lsat_ar": 0.19565217196941376,
            "agi_eval_lsat_rc": 0.2238806039094925,
            "agi_eval_lsat_lr": 0.272549033164978,
            "agi_eval_sat_en": 0.2669903039932251,
            "arc_easy": 0.3670033812522888,
            "arc_challenge": 0.2226962447166443,
            "bbq": 0.45113559744574805,
            "bigbench_conceptual_combinations": 0.223300963640213,
            "bigbench_conlang_translation": 0.0,
            "bigbench_cs_algorithms": 0.37727272510528564,
            "bigbench_dyck_languages": 0.04100000113248825,
            "bigbench_elementary_math_qa": 0.27382075786590576,
            "bigbench_misconceptions": 0.4840182662010193,
            "bigbench_language_identification": 0.2551000118255615,
            "bigbench_logical_deduction": 0.22466666996479034,
            "bigbench_novel_concepts": 0.3125,
            "bigbench_operators": 0.0714285746216774,
            "bigbench_repeat_copy_logic": 0.0,
            "bigbench_qa_wikidata": 0.2834998369216919,
            "bigbench_strange_stories": 0.43103447556495667,
            "bigbench_strategy_qa": 0.49934470653533936,
            "bigbench_understanding_fables": 0.2857142984867096,
            "boolq": 0.5712538361549377,
            "commonsense_qa": 0.21048320829868317,
            "copa": 0.5299999713897705,
            "coqa": 0.06513842195272446,
            "enterprise_pii_classification": 0.5022091269493103,
            "hellaswag": 0.3036247789859772,
            "hellaswag_zeroshot": 0.2999402582645416,
            "jeopardy": 0.0005361930467188359,
            "lambada_openai": 0.24723462760448456,
            "logi_qa": 0.22887864708900452,
            "math_qa": 0.24907810986042023,
            "mmlu": 0.2347547596222476,
            "mmlu_zeroshot": 0.23196207483609518,
            "openbook_qa": 0.2720000147819519,
            "piqa": 0.6376495957374573,
            "pubmed_qa_labeled": 0.4099999964237213,
            "simple_arithmetic_nospaces": 0.0010000000474974513,
            "simple_arithmetic_withspaces": 0.0010000000474974513,
            "siqa": 0.48925280570983887,
            "squad": 0.005298013333231211,
            "winogender_mc_female": 0.46666666865348816,
            "winogender_mc_male": 0.46666666865348816,
            "winograd": 0.5384615659713745,
            "winogrande": 0.5280189514160156
        }
    }
}