{
    "name": "/mnt/task_runtime/dcnlp/eval/heavy",
    "uuid": "763de780-ebc8-48ed-bd08-8dcd4ffced66",
    "model": "d=1024_l=24_h=8",
    "creation_date": "2024_01_29-20_58_56",
    "eval_metrics": {
        "icl": {
            "agi_eval_lsat_ar": 0.269565224647522,
            "agi_eval_lsat_rc": 0.2537313401699066,
            "agi_eval_lsat_lr": 0.23333333432674408,
            "agi_eval_sat_en": 0.223300963640213,
            "arc_easy": 0.505471408367157,
            "arc_challenge": 0.2508532404899597,
            "bbq": 0.4737524146383459,
            "bigbench_conceptual_combinations": 0.1650485396385193,
            "bigbench_conlang_translation": 0.012195121496915817,
            "bigbench_cs_algorithms": 0.4212121069431305,
            "bigbench_dyck_languages": 0.08699999749660492,
            "bigbench_elementary_math_qa": 0.24441823363304138,
            "bigbench_misconceptions": 0.4794520437717438,
            "bigbench_language_identification": 0.24819999933242798,
            "bigbench_logical_deduction": 0.2553333342075348,
            "bigbench_novel_concepts": 0.28125,
            "bigbench_operators": 0.16190476715564728,
            "bigbench_repeat_copy_logic": 0.03125,
            "bigbench_qa_wikidata": 0.5277791619300842,
            "bigbench_strange_stories": 0.5,
            "bigbench_strategy_qa": 0.4862385392189026,
            "bigbench_understanding_fables": 0.24867725372314453,
            "boolq": 0.5330275297164917,
            "commonsense_qa": 0.30794429779052734,
            "copa": 0.6200000047683716,
            "coqa": 0.18025805056095123,
            "enterprise_pii_classification": 0.41855669021606445,
            "hellaswag": 0.42999401688575745,
            "hellaswag_zeroshot": 0.4316869080066681,
            "jeopardy": 0.048510757461190226,
            "lambada_openai": 0.42771202325820923,
            "logi_qa": 0.23963133990764618,
            "math_qa": 0.25142472982406616,
            "mmlu": 0.24895303591824414,
            "mmlu_zeroshot": 0.24411792661014356,
            "openbook_qa": 0.3160000145435333,
            "piqa": 0.6991294622421265,
            "pubmed_qa_labeled": 0.3790000081062317,
            "simple_arithmetic_nospaces": 0.003000000026077032,
            "simple_arithmetic_withspaces": 0.004000000189989805,
            "siqa": 0.4938587546348572,
            "squad": 0.2084200531244278,
            "winogender_mc_female": 0.5333333611488342,
            "winogender_mc_male": 0.5,
            "winograd": 0.6373626589775085,
            "winogrande": 0.5169692039489746
        }
    }
}