{
    "name": "/mnt/task_runtime/dcnlp/eval/heavy",
    "uuid": "81927fb1-601b-438e-9fbe-75dfb42c93a5",
    "model": "d=576_l=24_h=8",
    "creation_date": "2024_01_29-16_04_18",
    "eval_metrics": {
        "icl": {
            "agi_eval_lsat_ar": 0.260869562625885,
            "agi_eval_lsat_rc": 0.26492536067962646,
            "agi_eval_lsat_lr": 0.21568627655506134,
            "agi_eval_sat_en": 0.223300963640213,
            "arc_easy": 0.4402357041835785,
            "arc_challenge": 0.22781570255756378,
            "bbq": 0.46405949917706574,
            "bigbench_conceptual_combinations": 0.24271844327449799,
            "bigbench_conlang_translation": 0.012195121496915817,
            "bigbench_cs_algorithms": 0.38333332538604736,
            "bigbench_dyck_languages": 0.1340000033378601,
            "bigbench_elementary_math_qa": 0.24329140782356262,
            "bigbench_misconceptions": 0.4611872136592865,
            "bigbench_language_identification": 0.2590000033378601,
            "bigbench_logical_deduction": 0.25733333826065063,
            "bigbench_novel_concepts": 0.4375,
            "bigbench_operators": 0.17142857611179352,
            "bigbench_repeat_copy_logic": 0.03125,
            "bigbench_qa_wikidata": 0.4571133255958557,
            "bigbench_strange_stories": 0.477011501789093,
            "bigbench_strategy_qa": 0.5054609179496765,
            "bigbench_understanding_fables": 0.24867725372314453,
            "boolq": 0.5146788954734802,
            "commonsense_qa": 0.2735462784767151,
            "copa": 0.6600000262260437,
            "coqa": 0.14029812812805176,
            "enterprise_pii_classification": 0.5175257921218872,
            "hellaswag": 0.3554072976112366,
            "hellaswag_zeroshot": 0.35889264941215515,
            "jeopardy": 0.016450323909521104,
            "lambada_openai": 0.3489229679107666,
            "logi_qa": 0.2457757294178009,
            "math_qa": 0.25544753670692444,
            "mmlu": 0.2523674597604233,
            "mmlu_zeroshot": 0.2454285924894768,
            "openbook_qa": 0.27000001072883606,
            "piqa": 0.6648530960083008,
            "pubmed_qa_labeled": 0.4819999933242798,
            "simple_arithmetic_nospaces": 0.0010000000474974513,
            "simple_arithmetic_withspaces": 0.003000000026077032,
            "siqa": 0.5056294798851013,
            "squad": 0.08192998915910721,
            "winogender_mc_female": 0.38333332538604736,
            "winogender_mc_male": 0.44999998807907104,
            "winograd": 0.5860806107521057,
            "winogrande": 0.5059195160865784
        }
    }
}