{
    "name": "/mnt/task_runtime/dcnlp/eval/heavy",
    "uuid": "860c4294-b02a-427f-94c5-b4ac6c59785b",
    "model": "d=576_l=24_h=8",
    "creation_date": "2024_01_29-14_27_23",
    "eval_metrics": {
        "icl": {
            "agi_eval_lsat_ar": 0.186956524848938,
            "agi_eval_lsat_rc": 0.26119402050971985,
            "agi_eval_lsat_lr": 0.2764706015586853,
            "agi_eval_sat_en": 0.276699036359787,
            "arc_easy": 0.3695286214351654,
            "arc_challenge": 0.2184300273656845,
            "bbq": 0.467699717391621,
            "bigbench_conceptual_combinations": 0.3009708821773529,
            "bigbench_conlang_translation": 0.012195121496915817,
            "bigbench_cs_algorithms": 0.4424242377281189,
            "bigbench_dyck_languages": 0.17599999904632568,
            "bigbench_elementary_math_qa": 0.25636792182922363,
            "bigbench_misconceptions": 0.465753436088562,
            "bigbench_language_identification": 0.24819999933242798,
            "bigbench_logical_deduction": 0.24133333563804626,
            "bigbench_novel_concepts": 0.3125,
            "bigbench_operators": 0.1190476194024086,
            "bigbench_repeat_copy_logic": 0.0,
            "bigbench_qa_wikidata": 0.30411890149116516,
            "bigbench_strange_stories": 0.4482758641242981,
            "bigbench_strategy_qa": 0.4844910502433777,
            "bigbench_understanding_fables": 0.30687829852104187,
            "boolq": 0.5847094655036926,
            "commonsense_qa": 0.23013922572135925,
            "copa": 0.5600000023841858,
            "coqa": 0.08004509657621384,
            "enterprise_pii_classification": 0.5045655369758606,
            "hellaswag": 0.28400716185569763,
            "hellaswag_zeroshot": 0.2834096848964691,
            "jeopardy": 0.005077948747202754,
            "lambada_openai": 0.26799923181533813,
            "logi_qa": 0.20890937745571136,
            "math_qa": 0.2326516956090927,
            "mmlu": 0.242444428696967,
            "mmlu_zeroshot": 0.23155518712704642,
            "openbook_qa": 0.257999986410141,
            "piqa": 0.6050054430961609,
            "pubmed_qa_labeled": 0.5389999747276306,
            "simple_arithmetic_nospaces": 0.004000000189989805,
            "simple_arithmetic_withspaces": 0.003000000026077032,
            "siqa": 0.4994882345199585,
            "squad": 0.008893094025552273,
            "winogender_mc_female": 0.5333333611488342,
            "winogender_mc_male": 0.4833333194255829,
            "winograd": 0.5457875728607178,
            "winogrande": 0.5177584886550903
        }
    }
}