{
    "name": "/mnt/task_runtime/dcnlp/eval/heavy",
    "uuid": "b06722ed-c910-42fc-96bc-9fadcfcc1a2c",
    "model": "d=512_l=8_h=4",
    "creation_date": "2024_02_12-08_06_29",
    "eval_metrics": {
        "icl": {
            "agi_eval_lsat_ar": 0.186956524848938,
            "agi_eval_lsat_rc": 0.26119402050971985,
            "agi_eval_lsat_lr": 0.2607843279838562,
            "agi_eval_sat_en": 0.3106796145439148,
            "arc_easy": 0.29797980189323425,
            "arc_challenge": 0.2184300273656845,
            "bbq": 0.47823691639033233,
            "bigbench_conceptual_combinations": 0.25242719054222107,
            "bigbench_conlang_translation": 0.0,
            "bigbench_cs_algorithms": 0.38257575035095215,
            "bigbench_dyck_languages": 0.012000000104308128,
            "bigbench_elementary_math_qa": 0.27450209856033325,
            "bigbench_misconceptions": 0.4794520437717438,
            "bigbench_language_identification": 0.2533000111579895,
            "bigbench_logical_deduction": 0.23800000548362732,
            "bigbench_novel_concepts": 0.34375,
            "bigbench_operators": 0.08571428805589676,
            "bigbench_repeat_copy_logic": 0.0,
            "bigbench_qa_wikidata": 0.03346291929483414,
            "bigbench_strange_stories": 0.4655172526836395,
            "bigbench_strategy_qa": 0.49235475063323975,
            "bigbench_understanding_fables": 0.25925925374031067,
            "boolq": 0.5214067101478577,
            "commonsense_qa": 0.3259623348712921,
            "copa": 0.47999998927116394,
            "coqa": 0.029813352972269058,
            "enterprise_pii_classification": 0.5027982592582703,
            "hellaswag": 0.2528380751609802,
            "hellaswag_zeroshot": 0.2555267810821533,
            "jeopardy": 0.0005361930467188359,
            "lambada_openai": 0.10091208666563034,
            "logi_qa": 0.2227342575788498,
            "math_qa": 0.2463962435722351,
            "mmlu": 0.23848240887909605,
            "mmlu_zeroshot": 0.23092298366521535,
            "openbook_qa": 0.25999999046325684,
            "piqa": 0.5489662885665894,
            "pubmed_qa_labeled": 0.4009999930858612,
            "simple_arithmetic_nospaces": 0.0020000000949949026,
            "simple_arithmetic_withspaces": 0.004000000189989805,
            "siqa": 0.4948822855949402,
            "squad": 0.0007568590226583183,
            "winogender_mc_female": 0.5666666626930237,
            "winogender_mc_male": 0.4000000059604645,
            "winograd": 0.49450549483299255,
            "winogrande": 0.4932912290096283
        }
    }
}