{
    "name": "/mnt/task_runtime/dcnlp/eval/heavy",
    "uuid": "702955d8-6571-4220-973e-316e6a298e1a",
    "model": "d=512_l=8_h=4",
    "creation_date": "2024_01_29-12_17_39",
    "eval_metrics": {
        "icl": {
            "agi_eval_lsat_ar": 0.16956521570682526,
            "agi_eval_lsat_rc": 0.2537313401699066,
            "agi_eval_lsat_lr": 0.27843138575553894,
            "agi_eval_sat_en": 0.2572815418243408,
            "arc_easy": 0.3211279511451721,
            "arc_challenge": 0.22610922157764435,
            "bbq": 0.4714467227458954,
            "bigbench_conceptual_combinations": 0.3203883469104767,
            "bigbench_conlang_translation": 0.0,
            "bigbench_cs_algorithms": 0.4007575809955597,
            "bigbench_dyck_languages": 0.07000000029802322,
            "bigbench_elementary_math_qa": 0.26781970262527466,
            "bigbench_misconceptions": 0.4885844886302948,
            "bigbench_language_identification": 0.2547999918460846,
            "bigbench_logical_deduction": 0.24266666173934937,
            "bigbench_novel_concepts": 0.34375,
            "bigbench_operators": 0.05714285746216774,
            "bigbench_repeat_copy_logic": 0.0,
            "bigbench_qa_wikidata": 0.08533044904470444,
            "bigbench_strange_stories": 0.44252872467041016,
            "bigbench_strategy_qa": 0.5024027824401855,
            "bigbench_understanding_fables": 0.2698412835597992,
            "boolq": 0.41437309980392456,
            "commonsense_qa": 0.32350531220436096,
            "copa": 0.5099999904632568,
            "coqa": 0.0404609814286232,
            "enterprise_pii_classification": 0.5057437419891357,
            "hellaswag": 0.2602071166038513,
            "hellaswag_zeroshot": 0.2648874819278717,
            "jeopardy": 0.0005361930467188359,
            "lambada_openai": 0.16902774572372437,
            "logi_qa": 0.2150537669658661,
            "math_qa": 0.24740193784236908,
            "mmlu": 0.2408022974666796,
            "mmlu_zeroshot": 0.2314726712933758,
            "openbook_qa": 0.2460000067949295,
            "piqa": 0.5554950833320618,
            "pubmed_qa_labeled": 0.36899998784065247,
            "simple_arithmetic_nospaces": 0.0020000000949949026,
            "simple_arithmetic_withspaces": 0.003000000026077032,
            "siqa": 0.5025588274002075,
            "squad": 0.001986755058169365,
            "winogender_mc_female": 0.550000011920929,
            "winogender_mc_male": 0.5333333611488342,
            "winograd": 0.4871794879436493,
            "winogrande": 0.5122336149215698
        }
    }
}