{
    "name": "/mnt/task_runtime/dcnlp/eval/heavy",
    "uuid": "90068819-3af3-404d-b5d6-4d6108545c9f",
    "model": "open_lm_1b",
    "creation_date": "2024_02_15-15_39_37",
    "eval_metrics": {
        "icl": {
            "agi_eval_lsat_ar": 0.28260868787765503,
            "agi_eval_lsat_rc": 0.2537313401699066,
            "agi_eval_lsat_lr": 0.2666666805744171,
            "agi_eval_sat_en": 0.22815534472465515,
            "arc_easy": 0.6679292917251587,
            "arc_challenge": 0.36348122358322144,
            "bbq": 0.45241093364628876,
            "bigbench_conceptual_combinations": 0.33980581164360046,
            "bigbench_conlang_translation": 0.030487805604934692,
            "bigbench_cs_algorithms": 0.46136364340782166,
            "bigbench_dyck_languages": 0.26899999380111694,
            "bigbench_elementary_math_qa": 0.2545597553253174,
            "bigbench_misconceptions": 0.5570776462554932,
            "bigbench_language_identification": 0.25780001282691956,
            "bigbench_logical_deduction": 0.2606666684150696,
            "bigbench_novel_concepts": 0.53125,
            "bigbench_operators": 0.20000000298023224,
            "bigbench_repeat_copy_logic": 0.03125,
            "bigbench_qa_wikidata": 0.6765907406806946,
            "bigbench_strange_stories": 0.5747126340866089,
            "bigbench_strategy_qa": 0.5679336190223694,
            "bigbench_understanding_fables": 0.24338623881340027,
            "boolq": 0.5275229215621948,
            "commonsense_qa": 0.20393119752407074,
            "copa": 0.6899999976158142,
            "coqa": 0.3835650682449341,
            "enterprise_pii_classification": 0.5611193180084229,
            "hellaswag": 0.6350328326225281,
            "hellaswag_zeroshot": 0.6191993355751038,
            "jeopardy": 0.38455276787281034,
            "lambada_openai": 0.6584513783454895,
            "logi_qa": 0.2626728117465973,
            "math_qa": 0.25879988074302673,
            "mmlu": 0.241456045785494,
            "mmlu_zeroshot": 0.23385041350858254,
            "openbook_qa": 0.3959999978542328,
            "piqa": 0.7399346828460693,
            "pubmed_qa_labeled": 0.32199999690055847,
            "simple_arithmetic_nospaces": 0.02800000086426735,
            "simple_arithmetic_withspaces": 0.04100000113248825,
            "siqa": 0.49078813195228577,
            "squad": 0.50406813621521,
            "winogender_mc_female": 0.4833333194255829,
            "winogender_mc_male": 0.5,
            "winograd": 0.831501841545105,
            "winogrande": 0.6314128041267395
        }
    }
}