{
    "name": "/mnt/task_runtime/dcnlp/eval/heavy",
    "uuid": "081f7187-1364-472e-8c7c-b616ea81b215",
    "model": "d=576_l=24_h=8",
    "creation_date": "2024_01_29-13_12_05",
    "eval_metrics": {
        "icl": {
            "agi_eval_lsat_ar": 0.19565217196941376,
            "agi_eval_lsat_rc": 0.25,
            "agi_eval_lsat_lr": 0.25882354378700256,
            "agi_eval_sat_en": 0.276699036359787,
            "arc_easy": 0.3851010203361511,
            "arc_challenge": 0.22610922157764435,
            "bbq": 0.49942289699207654,
            "bigbench_conceptual_combinations": 0.25242719054222107,
            "bigbench_conlang_translation": 0.012195121496915817,
            "bigbench_cs_algorithms": 0.4598484933376312,
            "bigbench_dyck_languages": 0.17399999499320984,
            "bigbench_elementary_math_qa": 0.2505502998828888,
            "bigbench_misconceptions": 0.47031962871551514,
            "bigbench_language_identification": 0.2583000063896179,
            "bigbench_logical_deduction": 0.24666666984558105,
            "bigbench_novel_concepts": 0.375,
            "bigbench_operators": 0.1666666716337204,
            "bigbench_repeat_copy_logic": 0.0,
            "bigbench_qa_wikidata": 0.3220314085483551,
            "bigbench_strange_stories": 0.40229883790016174,
            "bigbench_strategy_qa": 0.4884229004383087,
            "bigbench_understanding_fables": 0.2698412835597992,
            "boolq": 0.48990824818611145,
            "commonsense_qa": 0.28828829526901245,
            "copa": 0.5600000023841858,
            "coqa": 0.10346987098455429,
            "enterprise_pii_classification": 0.4868924915790558,
            "hellaswag": 0.2926707863807678,
            "hellaswag_zeroshot": 0.29396533966064453,
            "jeopardy": 0.004289544373750687,
            "lambada_openai": 0.2947797477245331,
            "logi_qa": 0.22887864708900452,
            "math_qa": 0.2608112692832947,
            "mmlu": 0.23968864781291863,
            "mmlu_zeroshot": 0.2315528447690763,
            "openbook_qa": 0.28200000524520874,
            "piqa": 0.5995647311210632,
            "pubmed_qa_labeled": 0.5370000004768372,
            "simple_arithmetic_nospaces": 0.0,
            "simple_arithmetic_withspaces": 0.004000000189989805,
            "siqa": 0.5117707252502441,
            "squad": 0.017029328271746635,
            "winogender_mc_female": 0.5,
            "winogender_mc_male": 0.44999998807907104,
            "winograd": 0.5677655935287476,
            "winogrande": 0.5043409466743469
        }
    }
}