{
    "name": "/mnt/task_runtime/dcnlp/eval/heavy",
    "uuid": "5d1bf862-b913-42db-8c41-f5cd4f168b45",
    "model": "d=576_l=24_h=8",
    "creation_date": "2024_01_29-20_27_45",
    "eval_metrics": {
        "icl": {
            "agi_eval_lsat_ar": 0.16956521570682526,
            "agi_eval_lsat_rc": 0.26865673065185547,
            "agi_eval_lsat_lr": 0.2823529541492462,
            "agi_eval_sat_en": 0.29611650109291077,
            "arc_easy": 0.3236531913280487,
            "arc_challenge": 0.22525596618652344,
            "bbq": 0.4341016411781311,
            "bigbench_conceptual_combinations": 0.2330097109079361,
            "bigbench_conlang_translation": 0.0,
            "bigbench_cs_algorithms": 0.3810606002807617,
            "bigbench_dyck_languages": 0.0560000017285347,
            "bigbench_elementary_math_qa": 0.26716455817222595,
            "bigbench_misconceptions": 0.49771690368652344,
            "bigbench_language_identification": 0.2492000013589859,
            "bigbench_logical_deduction": 0.2213333398103714,
            "bigbench_novel_concepts": 0.40625,
            "bigbench_operators": 0.0714285746216774,
            "bigbench_repeat_copy_logic": 0.0,
            "bigbench_qa_wikidata": 0.11849810183048248,
            "bigbench_strange_stories": 0.3850574791431427,
            "bigbench_strategy_qa": 0.4997815787792206,
            "bigbench_understanding_fables": 0.2857142984867096,
            "boolq": 0.48103976249694824,
            "commonsense_qa": 0.31859132647514343,
            "copa": 0.5299999713897705,
            "coqa": 0.03745459020137787,
            "enterprise_pii_classification": 0.523122251033783,
            "hellaswag": 0.26916947960853577,
            "hellaswag_zeroshot": 0.26787492632865906,
            "jeopardy": 0.0,
            "lambada_openai": 0.15816029906272888,
            "logi_qa": 0.22887864708900452,
            "math_qa": 0.23801541328430176,
            "mmlu": 0.24137258908727713,
            "mmlu_zeroshot": 0.2314389460442359,
            "openbook_qa": 0.2639999985694885,
            "piqa": 0.6050054430961609,
            "pubmed_qa_labeled": 0.48500001430511475,
            "simple_arithmetic_nospaces": 0.0020000000949949026,
            "simple_arithmetic_withspaces": 0.0010000000474974513,
            "siqa": 0.5035824179649353,
            "squad": 0.0016083254013210535,
            "winogender_mc_female": 0.44999998807907104,
            "winogender_mc_male": 0.4166666567325592,
            "winograd": 0.5384615659713745,
            "winogrande": 0.507498025894165
        }
    }
}