{
    "name": "/mnt/task_runtime/dcnlp/eval/heavy",
    "uuid": "4c0588b6-c786-44e1-a8c3-a75b0898a8a7",
    "model": "d=512_l=8_h=4",
    "creation_date": "2024_02_12-10_28_09",
    "eval_metrics": {
        "icl": {
            "agi_eval_lsat_ar": 0.16956521570682526,
            "agi_eval_lsat_rc": 0.24253731966018677,
            "agi_eval_lsat_lr": 0.27450981736183167,
            "agi_eval_sat_en": 0.24271844327449799,
            "arc_easy": 0.34427610039711,
            "arc_challenge": 0.223549485206604,
            "bbq": 0.43202582001686096,
            "bigbench_conceptual_combinations": 0.21359223127365112,
            "bigbench_conlang_translation": 0.0,
            "bigbench_cs_algorithms": 0.41893938183784485,
            "bigbench_dyck_languages": 0.02800000086426735,
            "bigbench_elementary_math_qa": 0.260403573513031,
            "bigbench_misconceptions": 0.4794520437717438,
            "bigbench_language_identification": 0.25290000438690186,
            "bigbench_logical_deduction": 0.24199999868869781,
            "bigbench_novel_concepts": 0.3125,
            "bigbench_operators": 0.10476190596818924,
            "bigbench_repeat_copy_logic": 0.0,
            "bigbench_qa_wikidata": 0.14211899042129517,
            "bigbench_strange_stories": 0.40229883790016174,
            "bigbench_strategy_qa": 0.49235475063323975,
            "bigbench_understanding_fables": 0.26455026865005493,
            "boolq": 0.6030580997467041,
            "commonsense_qa": 0.2694512605667114,
            "copa": 0.5299999713897705,
            "coqa": 0.054114993661642075,
            "enterprise_pii_classification": 0.5095729231834412,
            "hellaswag": 0.2769368588924408,
            "hellaswag_zeroshot": 0.27464649081230164,
            "jeopardy": 0.0005361930467188359,
            "lambada_openai": 0.21210944652557373,
            "logi_qa": 0.25652840733528137,
            "math_qa": 0.2544418275356293,
            "mmlu": 0.24366444911350282,
            "mmlu_zeroshot": 0.2306380826130248,
            "openbook_qa": 0.27399998903274536,
            "piqa": 0.600108802318573,
            "pubmed_qa_labeled": 0.5019999742507935,
            "simple_arithmetic_nospaces": 0.0,
            "simple_arithmetic_withspaces": 0.0010000000474974513,
            "siqa": 0.5030706524848938,
            "squad": 0.0013245033333078027,
            "winogender_mc_female": 0.5,
            "winogender_mc_male": 0.4166666567325592,
            "winograd": 0.5384615659713745,
            "winogrande": 0.5224940776824951
        }
    }
}