{
    "name": "/mnt/task_runtime/dcnlp/eval/heavy",
    "uuid": "9313b829-fdbc-49e8-bee7-56c5e3a14e66",
    "model": "d=96_l=8_h=4",
    "creation_date": "2024_01_29-22_12_40",
    "eval_metrics": {
        "icl": {
            "agi_eval_lsat_ar": 0.22608695924282074,
            "agi_eval_lsat_rc": 0.2761194109916687,
            "agi_eval_lsat_lr": 0.27843138575553894,
            "agi_eval_sat_en": 0.3009708821773529,
            "arc_easy": 0.26052188873291016,
            "arc_challenge": 0.20051194727420807,
            "bbq": 0.4560995399951935,
            "bigbench_conceptual_combinations": 0.3106796145439148,
            "bigbench_conlang_translation": 0.0,
            "bigbench_cs_algorithms": 0.0,
            "bigbench_dyck_languages": 0.0,
            "bigbench_elementary_math_qa": 0.2662735879421234,
            "bigbench_misconceptions": 0.456620991230011,
            "bigbench_language_identification": 0.2502000033855438,
            "bigbench_logical_deduction": 0.2639999985694885,
            "bigbench_novel_concepts": 0.21875,
            "bigbench_operators": 0.095238097012043,
            "bigbench_repeat_copy_logic": 0.0,
            "bigbench_qa_wikidata": 0.0,
            "bigbench_strange_stories": 0.517241358757019,
            "bigbench_strategy_qa": 0.4674530327320099,
            "bigbench_understanding_fables": 0.25925925374031067,
            "boolq": 0.38134557008743286,
            "commonsense_qa": 0.1957411915063858,
            "copa": 0.4699999988079071,
            "coqa": 0.0,
            "enterprise_pii_classification": 0.5063328146934509,
            "hellaswag": 0.24078868329524994,
            "hellaswag_zeroshot": 0.23919537663459778,
            "jeopardy": 0.0,
            "lambada_openai": 0.000776246830355376,
            "logi_qa": 0.20276497304439545,
            "math_qa": 0.24840764701366425,
            "mmlu": 0.23116857623844816,
            "mmlu_zeroshot": 0.23116857623844816,
            "openbook_qa": 0.25600001215934753,
            "piqa": 0.5299238562583923,
            "pubmed_qa_labeled": 0.0,
            "simple_arithmetic_nospaces": 0.0,
            "simple_arithmetic_withspaces": 0.004999999888241291,
            "siqa": 0.48413512110710144,
            "squad": 0.0,
            "winogender_mc_female": 0.44999998807907104,
            "winogender_mc_male": 0.5333333611488342,
            "winograd": 0.5384615659713745,
            "winogrande": 0.5043409466743469
        }
    }
}