{
    "name": "/mnt/task_runtime/dcnlp/eval/heavy",
    "uuid": "1f62183f-7d91-49c7-aee0-f770ce63a037",
    "model": "d=512_l=8_h=4",
    "creation_date": "2024_02_12-17_30_28",
    "eval_metrics": {
        "icl": {
            "agi_eval_lsat_ar": 0.19565217196941376,
            "agi_eval_lsat_rc": 0.28731343150138855,
            "agi_eval_lsat_lr": 0.27450981736183167,
            "agi_eval_sat_en": 0.29611650109291077,
            "arc_easy": 0.31860268115997314,
            "arc_challenge": 0.22440272569656372,
            "bbq": 0.433319782668894,
            "bigbench_conceptual_combinations": 0.291262149810791,
            "bigbench_conlang_translation": 0.0,
            "bigbench_cs_algorithms": 0.3954545557498932,
            "bigbench_dyck_languages": 0.01899999938905239,
            "bigbench_elementary_math_qa": 0.26475366950035095,
            "bigbench_misconceptions": 0.465753436088562,
            "bigbench_language_identification": 0.2538999915122986,
            "bigbench_logical_deduction": 0.23733332753181458,
            "bigbench_novel_concepts": 0.375,
            "bigbench_operators": 0.07619047909975052,
            "bigbench_repeat_copy_logic": 0.0,
            "bigbench_qa_wikidata": 0.10821317881345749,
            "bigbench_strange_stories": 0.4367816150188446,
            "bigbench_strategy_qa": 0.49060726165771484,
            "bigbench_understanding_fables": 0.29100528359413147,
            "boolq": 0.5886850357055664,
            "commonsense_qa": 0.28337427973747253,
            "copa": 0.550000011920929,
            "coqa": 0.03043968416750431,
            "enterprise_pii_classification": 0.46539026498794556,
            "hellaswag": 0.2702648937702179,
            "hellaswag_zeroshot": 0.2701652944087982,
            "jeopardy": 0.0,
            "lambada_openai": 0.16844557225704193,
            "logi_qa": 0.2058371752500534,
            "math_qa": 0.24505531787872314,
            "mmlu": 0.2411106296798639,
            "mmlu_zeroshot": 0.2322531057554379,
            "openbook_qa": 0.26600000262260437,
            "piqa": 0.600108802318573,
            "pubmed_qa_labeled": 0.48399999737739563,
            "simple_arithmetic_nospaces": 0.004000000189989805,
            "simple_arithmetic_withspaces": 0.0010000000474974513,
            "siqa": 0.48822927474975586,
            "squad": 0.0012298959773033857,
            "winogender_mc_female": 0.4333333373069763,
            "winogender_mc_male": 0.5166666507720947,
            "winograd": 0.5457875728607178,
            "winogrande": 0.503551721572876
        }
    }
}