{
    "name": "/mnt/task_runtime/dcnlp/eval/heavy",
    "uuid": "0b648a69-a221-4e52-a198-839965b0b145",
    "model": "d=96_l=8_h=4",
    "creation_date": "2024_02_13-12_04_53",
    "eval_metrics": {
        "icl": {
            "agi_eval_lsat_ar": 0.22608695924282074,
            "agi_eval_lsat_rc": 0.2761194109916687,
            "agi_eval_lsat_lr": 0.27843138575553894,
            "agi_eval_sat_en": 0.3009708821773529,
            "arc_easy": 0.2638888955116272,
            "arc_challenge": 0.23293516039848328,
            "bbq": 0.48712263053113763,
            "bigbench_conceptual_combinations": 0.28155338764190674,
            "bigbench_conlang_translation": 0.0,
            "bigbench_cs_algorithms": 0.0,
            "bigbench_dyck_languages": 0.0,
            "bigbench_elementary_math_qa": 0.27368971705436707,
            "bigbench_misconceptions": 0.4931506812572479,
            "bigbench_language_identification": 0.2502000033855438,
            "bigbench_logical_deduction": 0.257999986410141,
            "bigbench_novel_concepts": 0.1875,
            "bigbench_operators": 0.0714285746216774,
            "bigbench_repeat_copy_logic": 0.0,
            "bigbench_qa_wikidata": 0.0,
            "bigbench_strange_stories": 0.5287356376647949,
            "bigbench_strategy_qa": 0.5321100950241089,
            "bigbench_understanding_fables": 0.25925925374031067,
            "boolq": 0.39418959617614746,
            "commonsense_qa": 0.1957411915063858,
            "copa": 0.47999998927116394,
            "coqa": 0.0,
            "enterprise_pii_classification": 0.45655375719070435,
            "hellaswag": 0.24337781965732574,
            "hellaswag_zeroshot": 0.24586735665798187,
            "jeopardy": 0.0,
            "lambada_openai": 0.0,
            "logi_qa": 0.20276497304439545,
            "math_qa": 0.24840764701366425,
            "mmlu": 0.23116857623844816,
            "mmlu_zeroshot": 0.23116857623844816,
            "openbook_qa": 0.25200000405311584,
            "piqa": 0.5179542899131775,
            "pubmed_qa_labeled": 0.0,
            "simple_arithmetic_nospaces": 0.0,
            "simple_arithmetic_withspaces": 0.0,
            "siqa": 0.48413512110710144,
            "squad": 0.0,
            "winogender_mc_female": 0.5166666507720947,
            "winogender_mc_male": 0.46666666865348816,
            "winograd": 0.4908424913883209,
            "winogrande": 0.4964483082294464
        }
    }
}