{
    "name": "/mnt/task_runtime/dcnlp/eval/heavy",
    "uuid": "73387070-659a-4a31-ba02-c8a29e81f890",
    "model": "d=576_l=24_h=8",
    "creation_date": "2024_02_12-14_18_17",
    "eval_metrics": {
        "icl": {
            "agi_eval_lsat_ar": 0.22608695924282074,
            "agi_eval_lsat_rc": 0.24253731966018677,
            "agi_eval_lsat_lr": 0.2803921699523926,
            "agi_eval_sat_en": 0.3009708821773529,
            "arc_easy": 0.30513468384742737,
            "arc_challenge": 0.21672354638576508,
            "bbq": 0.4368714229627089,
            "bigbench_conceptual_combinations": 0.28155338764190674,
            "bigbench_conlang_translation": 0.0,
            "bigbench_cs_algorithms": 0.14696969091892242,
            "bigbench_dyck_languages": 0.007000000216066837,
            "bigbench_elementary_math_qa": 0.27384695410728455,
            "bigbench_misconceptions": 0.49771690368652344,
            "bigbench_language_identification": 0.2567000091075897,
            "bigbench_logical_deduction": 0.2473333328962326,
            "bigbench_novel_concepts": 0.40625,
            "bigbench_operators": 0.0714285746216774,
            "bigbench_repeat_copy_logic": 0.0,
            "bigbench_qa_wikidata": 0.0657447949051857,
            "bigbench_strange_stories": 0.4137931168079376,
            "bigbench_strategy_qa": 0.479248583316803,
            "bigbench_understanding_fables": 0.27513226866722107,
            "boolq": 0.3798165023326874,
            "commonsense_qa": 0.2702702581882477,
            "copa": 0.5199999809265137,
            "coqa": 0.027433296665549278,
            "enterprise_pii_classification": 0.5066273808479309,
            "hellaswag": 0.2597092092037201,
            "hellaswag_zeroshot": 0.2576180100440979,
            "jeopardy": 0.0,
            "lambada_openai": 0.08286435157060623,
            "logi_qa": 0.23195084929466248,
            "math_qa": 0.2467314749956131,
            "mmlu": 0.24001781289514743,
            "mmlu_zeroshot": 0.231260810243456,
            "openbook_qa": 0.24799999594688416,
            "piqa": 0.573993444442749,
            "pubmed_qa_labeled": 0.27000001072883606,
            "simple_arithmetic_nospaces": 0.0,
            "simple_arithmetic_withspaces": 0.0010000000474974513,
            "siqa": 0.4994882345199585,
            "squad": 0.0009460737928748131,
            "winogender_mc_female": 0.5666666626930237,
            "winogender_mc_male": 0.5666666626930237,
            "winograd": 0.5274725556373596,
            "winogrande": 0.4877663850784302
        }
    }
}