{
    "name": "/mnt/task_runtime/dcnlp/eval/heavy",
    "uuid": "37db576d-6f65-4b6a-b082-74c8d9e0d964",
    "model": "open_lm_1b",
    "creation_date": "2024_02_15-16_41_02",
    "eval_metrics": {
        "icl": {
            "agi_eval_lsat_ar": 0.2347826063632965,
            "agi_eval_lsat_rc": 0.23507462441921234,
            "agi_eval_lsat_lr": 0.272549033164978,
            "agi_eval_sat_en": 0.1893203854560852,
            "arc_easy": 0.558080792427063,
            "arc_challenge": 0.27389079332351685,
            "bbq": 0.5044517733834006,
            "bigbench_conceptual_combinations": 0.24271844327449799,
            "bigbench_conlang_translation": 0.018292682245373726,
            "bigbench_cs_algorithms": 0.4598484933376312,
            "bigbench_dyck_languages": 0.210999995470047,
            "bigbench_elementary_math_qa": 0.24947589635849,
            "bigbench_misconceptions": 0.4840182662010193,
            "bigbench_language_identification": 0.25380000472068787,
            "bigbench_logical_deduction": 0.25733333826065063,
            "bigbench_novel_concepts": 0.34375,
            "bigbench_operators": 0.1666666716337204,
            "bigbench_repeat_copy_logic": 0.03125,
            "bigbench_qa_wikidata": 0.587126612663269,
            "bigbench_strange_stories": 0.522988498210907,
            "bigbench_strategy_qa": 0.47225862741470337,
            "bigbench_understanding_fables": 0.22751322388648987,
            "boolq": 0.5498470664024353,
            "commonsense_qa": 0.3226863145828247,
            "copa": 0.6600000262260437,
            "coqa": 0.2453964650630951,
            "enterprise_pii_classification": 0.5072165131568909,
            "hellaswag": 0.5148376822471619,
            "hellaswag_zeroshot": 0.5146385431289673,
            "jeopardy": 0.09729161635041236,
            "lambada_openai": 0.49194642901420593,
            "logi_qa": 0.3041474521160126,
            "math_qa": 0.2507542669773102,
            "mmlu": 0.2551001723398242,
            "mmlu_zeroshot": 0.24947628378868103,
            "openbook_qa": 0.33000001311302185,
            "piqa": 0.7219803929328918,
            "pubmed_qa_labeled": 0.3449999988079071,
            "simple_arithmetic_nospaces": 0.0020000000949949026,
            "simple_arithmetic_withspaces": 0.0010000000474974513,
            "siqa": 0.48106446862220764,
            "squad": 0.3317880928516388,
            "winogender_mc_female": 0.5,
            "winogender_mc_male": 0.4833333194255829,
            "winograd": 0.6996337175369263,
            "winogrande": 0.5351223349571228
        }
    }
}