{
    "name": "/mnt/task_runtime/dcnlp/eval/heavy",
    "uuid": "64b3841f-897d-4d84-9eba-cfc49fe75cae",
    "model": "d=576_l=24_h=8",
    "creation_date": "2024_01_29-21_58_58",
    "eval_metrics": {
        "icl": {
            "agi_eval_lsat_ar": 0.208695650100708,
            "agi_eval_lsat_rc": 0.21268656849861145,
            "agi_eval_lsat_lr": 0.2980392277240753,
            "agi_eval_sat_en": 0.24757280945777893,
            "arc_easy": 0.32154881954193115,
            "arc_challenge": 0.1962457299232483,
            "bbq": 0.45985717935995624,
            "bigbench_conceptual_combinations": 0.26213592290878296,
            "bigbench_conlang_translation": 0.006097560748457909,
            "bigbench_cs_algorithms": 0.3545454442501068,
            "bigbench_dyck_languages": 0.023000000044703484,
            "bigbench_elementary_math_qa": 0.2774895131587982,
            "bigbench_misconceptions": 0.4931506812572479,
            "bigbench_language_identification": 0.25110000371932983,
            "bigbench_logical_deduction": 0.23600000143051147,
            "bigbench_novel_concepts": 0.3125,
            "bigbench_operators": 0.095238097012043,
            "bigbench_repeat_copy_logic": 0.0,
            "bigbench_qa_wikidata": 0.10757344961166382,
            "bigbench_strange_stories": 0.4252873659133911,
            "bigbench_strategy_qa": 0.4932284951210022,
            "bigbench_understanding_fables": 0.25925925374031067,
            "boolq": 0.5434250831604004,
            "commonsense_qa": 0.26699426770210266,
            "copa": 0.5,
            "coqa": 0.04772641882300377,
            "enterprise_pii_classification": 0.5036818981170654,
            "hellaswag": 0.26598286628723145,
            "hellaswag_zeroshot": 0.26787492632865906,
            "jeopardy": 0.0,
            "lambada_openai": 0.17717833817005157,
            "logi_qa": 0.23348695039749146,
            "math_qa": 0.24438484013080597,
            "mmlu": 0.24189594126584238,
            "mmlu_zeroshot": 0.23307304110443383,
            "openbook_qa": 0.23000000417232513,
            "piqa": 0.5919477939605713,
            "pubmed_qa_labeled": 0.48399999737739563,
            "simple_arithmetic_nospaces": 0.0020000000949949026,
            "simple_arithmetic_withspaces": 0.0010000000474974513,
            "siqa": 0.48515865206718445,
            "squad": 0.0025543991941958666,
            "winogender_mc_female": 0.5333333611488342,
            "winogender_mc_male": 0.5,
            "winograd": 0.5567765831947327,
            "winogrande": 0.49802684783935547
        }
    }
}