{
    "name": "/mnt/task_runtime/dcnlp/eval/heavy",
    "uuid": "c682258f-b114-430b-b668-3f46d75882b6",
    "model": "d=1024_l=24_h=8",
    "creation_date": "2024_01_29-16_08_06",
    "eval_metrics": {
        "icl": {
            "agi_eval_lsat_ar": 0.260869562625885,
            "agi_eval_lsat_rc": 0.2537313401699066,
            "agi_eval_lsat_lr": 0.2647058963775635,
            "agi_eval_sat_en": 0.2330097109079361,
            "arc_easy": 0.4915824830532074,
            "arc_challenge": 0.2645051181316376,
            "bbq": 0.4835209467194297,
            "bigbench_conceptual_combinations": 0.24271844327449799,
            "bigbench_conlang_translation": 0.024390242993831635,
            "bigbench_cs_algorithms": 0.45530304312705994,
            "bigbench_dyck_languages": 0.18299999833106995,
            "bigbench_elementary_math_qa": 0.24536164104938507,
            "bigbench_misconceptions": 0.4794520437717438,
            "bigbench_language_identification": 0.2508000135421753,
            "bigbench_logical_deduction": 0.26600000262260437,
            "bigbench_novel_concepts": 0.3125,
            "bigbench_operators": 0.15714286267757416,
            "bigbench_repeat_copy_logic": 0.0,
            "bigbench_qa_wikidata": 0.5447074174880981,
            "bigbench_strange_stories": 0.5344827771186829,
            "bigbench_strategy_qa": 0.4984709620475769,
            "bigbench_understanding_fables": 0.22751322388648987,
            "boolq": 0.5611620545387268,
            "commonsense_qa": 0.21785421669483185,
            "copa": 0.6399999856948853,
            "coqa": 0.220969557762146,
            "enterprise_pii_classification": 0.5030927658081055,
            "hellaswag": 0.3885680139064789,
            "hellaswag_zeroshot": 0.3838876783847809,
            "jeopardy": 0.07159190885722637,
            "lambada_openai": 0.4477003812789917,
            "logi_qa": 0.2688172161579132,
            "math_qa": 0.2500838041305542,
            "mmlu": 0.2459399246594362,
            "mmlu_zeroshot": 0.2352903053948754,
            "openbook_qa": 0.3059999942779541,
            "piqa": 0.6686615943908691,
            "pubmed_qa_labeled": 0.38499999046325684,
            "simple_arithmetic_nospaces": 0.003000000026077032,
            "simple_arithmetic_withspaces": 0.003000000026077032,
            "siqa": 0.5015352964401245,
            "squad": 0.25931882858276367,
            "winogender_mc_female": 0.44999998807907104,
            "winogender_mc_male": 0.4333333373069763,
            "winograd": 0.6483516693115234,
            "winogrande": 0.518547773361206
        }
    }
}