{
    "name": "/mnt/task_runtime/dcnlp/eval/heavy",
    "uuid": "4bc2ef9e-ae5f-4815-ae17-b71da26f3555",
    "model": "open_lm_7b",
    "creation_date": "2024_03_04-12_54_34",
    "eval_metrics": {
        "icl": {
            "agi_eval_lsat_ar": 0.2652173936367035,
            "agi_eval_lsat_rc": 0.2723880708217621,
            "agi_eval_lsat_lr": 0.27450981736183167,
            "agi_eval_sat_en": 0.29611650109291077,
            "arc_easy": 0.6809764504432678,
            "arc_challenge": 0.3737201392650604,
            "bbq": 0.42317785999991675,
            "bigbench_conceptual_combinations": 0.3106796145439148,
            "bigbench_conlang_translation": 0.018292682245373726,
            "bigbench_cs_algorithms": 0.459090918302536,
            "bigbench_dyck_languages": 0.31200000643730164,
            "bigbench_elementary_math_qa": 0.2467767298221588,
            "bigbench_misconceptions": 0.4931506812572479,
            "bigbench_language_identification": 0.2515999972820282,
            "bigbench_logical_deduction": 0.24400000274181366,
            "bigbench_novel_concepts": 0.46875,
            "bigbench_operators": 0.20000000298023224,
            "bigbench_repeat_copy_logic": 0.125,
            "bigbench_qa_wikidata": 0.6821514964103699,
            "bigbench_strange_stories": 0.5632184147834778,
            "bigbench_strategy_qa": 0.5539537072181702,
            "bigbench_understanding_fables": 0.27513226866722107,
            "boolq": 0.45137614011764526,
            "commonsense_qa": 0.1867321878671646,
            "copa": 0.7599999904632568,
            "coqa": 0.3770512342453003,
            "enterprise_pii_classification": 0.545213520526886,
            "hellaswag": 0.6522604823112488,
            "hellaswag_zeroshot": 0.6442939639091492,
            "jeopardy": 0.41130592823028567,
            "lambada_openai": 0.6611682772636414,
            "logi_qa": 0.2519201338291168,
            "math_qa": 0.243379145860672,
            "mmlu": 0.25458545878268124,
            "mmlu_zeroshot": 0.2567193335608432,
            "openbook_qa": 0.38999998569488525,
            "piqa": 0.7655059695243835,
            "pubmed_qa_labeled": 0.36800000071525574,
            "simple_arithmetic_nospaces": 0.00800000037997961,
            "simple_arithmetic_withspaces": 0.008999999612569809,
            "siqa": 0.48515865206718445,
            "squad": 0.47398295998573303,
            "winogender_mc_female": 0.5166666507720947,
            "winogender_mc_male": 0.5166666507720947,
            "winograd": 0.8388278484344482,
            "winogrande": 0.6282557249069214
        }
    },
    "rw_small_centered": 0.32409740818871385,
    "95%_CI_above_centered": 0.2767763038624943,
    "99%_CI_above_centered": 0.3189557193443179,
    "low_variance_datasets_centered": 0.34164013505885094
}