{
    "name": "/mnt/task_runtime/dcnlp/eval/heavy",
    "uuid": "a1922e06-d00c-414b-9d15-1c9f43978087",
    "model": "d=96_l=8_h=4",
    "creation_date": "2024_02_13-12_37_30",
    "eval_metrics": {
        "icl": {
            "agi_eval_lsat_ar": 0.1608695685863495,
            "agi_eval_lsat_rc": 0.2761194109916687,
            "agi_eval_lsat_lr": 0.2803921699523926,
            "agi_eval_sat_en": 0.3009708821773529,
            "arc_easy": 0.27398988604545593,
            "arc_challenge": 0.21075084805488586,
            "bbq": 0.4381141391667453,
            "bigbench_conceptual_combinations": 0.27184465527534485,
            "bigbench_conlang_translation": 0.0,
            "bigbench_cs_algorithms": 0.39393940567970276,
            "bigbench_dyck_languages": 0.004000000189989805,
            "bigbench_elementary_math_qa": 0.26648321747779846,
            "bigbench_misconceptions": 0.5068492889404297,
            "bigbench_language_identification": 0.25200000405311584,
            "bigbench_logical_deduction": 0.2626666724681854,
            "bigbench_novel_concepts": 0.21875,
            "bigbench_operators": 0.06666667014360428,
            "bigbench_repeat_copy_logic": 0.0,
            "bigbench_qa_wikidata": 0.019438019022345543,
            "bigbench_strange_stories": 0.48275861144065857,
            "bigbench_strategy_qa": 0.49235475063323975,
            "bigbench_understanding_fables": 0.30687829852104187,
            "boolq": 0.3782874643802643,
            "commonsense_qa": 0.2571662664413452,
            "copa": 0.41999998688697815,
            "coqa": 0.002505323849618435,
            "enterprise_pii_classification": 0.5063328146934509,
            "hellaswag": 0.24686317145824432,
            "hellaswag_zeroshot": 0.25134435296058655,
            "jeopardy": 0.0,
            "lambada_openai": 0.03997671231627464,
            "logi_qa": 0.21658986806869507,
            "math_qa": 0.24371437728405,
            "mmlu": 0.23303702199145368,
            "mmlu_zeroshot": 0.23127958779795127,
            "openbook_qa": 0.23800000548362732,
            "piqa": 0.5554950833320618,
            "pubmed_qa_labeled": 0.029999999329447746,
            "simple_arithmetic_nospaces": 0.003000000026077032,
            "simple_arithmetic_withspaces": 0.004999999888241291,
            "siqa": 0.4943705201148987,
            "squad": 0.0007568590226583183,
            "winogender_mc_female": 0.4833333194255829,
            "winogender_mc_male": 0.550000011920929,
            "winograd": 0.47985348105430603,
            "winogrande": 0.48460930585861206
        }
    }
}