{
    "name": "/mnt/task_runtime/dcnlp/eval/heavy",
    "uuid": "4b4b487c-d0bd-4d82-bffb-9b2eebd138bf",
    "model": "d=96_l=8_h=4",
    "creation_date": "2024_01_29-20_28_06",
    "eval_metrics": {
        "icl": {
            "agi_eval_lsat_ar": 0.19565217196941376,
            "agi_eval_lsat_rc": 0.2761194109916687,
            "agi_eval_lsat_lr": 0.27450981736183167,
            "agi_eval_sat_en": 0.3009708821773529,
            "arc_easy": 0.28703704476356506,
            "arc_challenge": 0.22013652324676514,
            "bbq": 0.44372573494911194,
            "bigbench_conceptual_combinations": 0.3300970792770386,
            "bigbench_conlang_translation": 0.0,
            "bigbench_cs_algorithms": 0.39924243092536926,
            "bigbench_dyck_languages": 0.019999999552965164,
            "bigbench_elementary_math_qa": 0.27036163210868835,
            "bigbench_misconceptions": 0.4840182662010193,
            "bigbench_language_identification": 0.25060001015663147,
            "bigbench_logical_deduction": 0.2553333342075348,
            "bigbench_novel_concepts": 0.3125,
            "bigbench_operators": 0.08571428805589676,
            "bigbench_repeat_copy_logic": 0.0,
            "bigbench_qa_wikidata": 0.027803750708699226,
            "bigbench_strange_stories": 0.44252872467041016,
            "bigbench_strategy_qa": 0.4897335171699524,
            "bigbench_understanding_fables": 0.2857142984867096,
            "boolq": 0.4388379156589508,
            "commonsense_qa": 0.27436527609825134,
            "copa": 0.5,
            "coqa": 0.0016284604789689183,
            "enterprise_pii_classification": 0.5119293332099915,
            "hellaswag": 0.25014936923980713,
            "hellaswag_zeroshot": 0.25204142928123474,
            "jeopardy": 0.0,
            "lambada_openai": 0.05317290872335434,
            "logi_qa": 0.20276497304439545,
            "math_qa": 0.24237345159053802,
            "mmlu": 0.23527908312124118,
            "mmlu_zeroshot": 0.23129551112651825,
            "openbook_qa": 0.23800000548362732,
            "piqa": 0.5473340749740601,
            "pubmed_qa_labeled": 0.003000000026077032,
            "simple_arithmetic_nospaces": 0.004999999888241291,
            "simple_arithmetic_withspaces": 0.006000000052154064,
            "siqa": 0.4938587546348572,
            "squad": 0.0009460737928748131,
            "winogender_mc_female": 0.44999998807907104,
            "winogender_mc_male": 0.6499999761581421,
            "winograd": 0.5054945349693298,
            "winogrande": 0.5011839270591736
        }
    }
}