{
    "name": "/mnt/task_runtime/dcnlp/eval/heavy",
    "uuid": "56f28238-e575-43bd-afd0-c5989b699f9a",
    "model": "d=1024_l=24_h=8",
    "creation_date": "2024_01_29-16_02_29",
    "eval_metrics": {
        "icl": {
            "agi_eval_lsat_ar": 0.22173912823200226,
            "agi_eval_lsat_rc": 0.26865673065185547,
            "agi_eval_lsat_lr": 0.2803921699523926,
            "agi_eval_sat_en": 0.23786407709121704,
            "arc_easy": 0.4234006702899933,
            "arc_challenge": 0.23122866451740265,
            "bbq": 0.4832503714344718,
            "bigbench_conceptual_combinations": 0.3009708821773529,
            "bigbench_conlang_translation": 0.012195121496915817,
            "bigbench_cs_algorithms": 0.4280303120613098,
            "bigbench_dyck_languages": 0.12800000607967377,
            "bigbench_elementary_math_qa": 0.25151991844177246,
            "bigbench_misconceptions": 0.456620991230011,
            "bigbench_language_identification": 0.25130000710487366,
            "bigbench_logical_deduction": 0.2526666522026062,
            "bigbench_novel_concepts": 0.1875,
            "bigbench_operators": 0.1428571492433548,
            "bigbench_repeat_copy_logic": 0.03125,
            "bigbench_qa_wikidata": 0.437773734331131,
            "bigbench_strange_stories": 0.5114942789077759,
            "bigbench_strategy_qa": 0.4914810061454773,
            "bigbench_understanding_fables": 0.29100528359413147,
            "boolq": 0.5850152969360352,
            "commonsense_qa": 0.2153972089290619,
            "copa": 0.6899999976158142,
            "coqa": 0.11574596166610718,
            "enterprise_pii_classification": 0.5030927658081055,
            "hellaswag": 0.3829914331436157,
            "hellaswag_zeroshot": 0.38428598642349243,
            "jeopardy": 0.0,
            "lambada_openai": 0.34271296858787537,
            "logi_qa": 0.24884793162345886,
            "math_qa": 0.25879988074302673,
            "mmlu": 0.24564419085519357,
            "mmlu_zeroshot": 0.23440818279458767,
            "openbook_qa": 0.3019999861717224,
            "piqa": 0.6844395995140076,
            "pubmed_qa_labeled": 0.4269999861717224,
            "simple_arithmetic_nospaces": 0.0,
            "simple_arithmetic_withspaces": 0.004999999888241291,
            "siqa": 0.48669394850730896,
            "squad": 0.011542100459337234,
            "winogender_mc_female": 0.4166666567325592,
            "winogender_mc_male": 0.4833333194255829,
            "winograd": 0.6007326245307922,
            "winogrande": 0.5319652557373047
        }
    }
}