{
    "name": "/mnt/task_runtime/dcnlp/eval/heavy",
    "uuid": "a658e9ad-45a3-4d7e-8ab0-751ca17dbcc5",
    "model": "d=576_l=24_h=8",
    "creation_date": "2024_01_29-16_32_10",
    "eval_metrics": {
        "icl": {
            "agi_eval_lsat_ar": 0.22173912823200226,
            "agi_eval_lsat_rc": 0.23134328424930573,
            "agi_eval_lsat_lr": 0.2803921699523926,
            "agi_eval_sat_en": 0.276699036359787,
            "arc_easy": 0.35774409770965576,
            "arc_challenge": 0.207337886095047,
            "bbq": 0.4740714566274123,
            "bigbench_conceptual_combinations": 0.291262149810791,
            "bigbench_conlang_translation": 0.0,
            "bigbench_cs_algorithms": 0.4280303120613098,
            "bigbench_dyck_languages": 0.04100000113248825,
            "bigbench_elementary_math_qa": 0.2661949694156647,
            "bigbench_misconceptions": 0.4840182662010193,
            "bigbench_language_identification": 0.24950000643730164,
            "bigbench_logical_deduction": 0.23733332753181458,
            "bigbench_novel_concepts": 0.40625,
            "bigbench_operators": 0.06190476194024086,
            "bigbench_repeat_copy_logic": 0.0,
            "bigbench_qa_wikidata": 0.15383100509643555,
            "bigbench_strange_stories": 0.40229883790016174,
            "bigbench_strategy_qa": 0.5124508738517761,
            "bigbench_understanding_fables": 0.2857142984867096,
            "boolq": 0.6103975772857666,
            "commonsense_qa": 0.2612612545490265,
            "copa": 0.550000011920929,
            "coqa": 0.07804083824157715,
            "enterprise_pii_classification": 0.49160531163215637,
            "hellaswag": 0.2801234722137451,
            "hellaswag_zeroshot": 0.2781318426132202,
            "jeopardy": 0.0,
            "lambada_openai": 0.2189016044139862,
            "logi_qa": 0.24270352721214294,
            "math_qa": 0.24505531787872314,
            "mmlu": 0.24242248320788667,
            "mmlu_zeroshot": 0.2326862642116714,
            "openbook_qa": 0.2639999985694885,
            "piqa": 0.6196953058242798,
            "pubmed_qa_labeled": 0.5289999842643738,
            "simple_arithmetic_nospaces": 0.0020000000949949026,
            "simple_arithmetic_withspaces": 0.0020000000949949026,
            "siqa": 0.49283522367477417,
            "squad": 0.0025543991941958666,
            "winogender_mc_female": 0.4333333373069763,
            "winogender_mc_male": 0.550000011920929,
            "winograd": 0.5201465487480164,
            "winogrande": 0.5051302313804626
        }
    }
}