{
    "name": "/mnt/task_runtime/dcnlp/eval/heavy",
    "uuid": "dbf0ddde-01b2-49c2-9495-189b48eecf9b",
    "model": "d=1024_l=24_h=8",
    "creation_date": "2024_01_29-14_19_52",
    "eval_metrics": {
        "icl": {
            "agi_eval_lsat_ar": 0.22173912823200226,
            "agi_eval_lsat_rc": 0.2276119440793991,
            "agi_eval_lsat_lr": 0.24117647111415863,
            "agi_eval_sat_en": 0.23786407709121704,
            "arc_easy": 0.47727271914482117,
            "arc_challenge": 0.2542662024497986,
            "bbq": 0.47254341027953406,
            "bigbench_conceptual_combinations": 0.3106796145439148,
            "bigbench_conlang_translation": 0.012195121496915817,
            "bigbench_cs_algorithms": 0.42500001192092896,
            "bigbench_dyck_languages": 0.12099999934434891,
            "bigbench_elementary_math_qa": 0.24855870008468628,
            "bigbench_misconceptions": 0.44748857617378235,
            "bigbench_language_identification": 0.251800000667572,
            "bigbench_logical_deduction": 0.2633333206176758,
            "bigbench_novel_concepts": 0.28125,
            "bigbench_operators": 0.14761905372142792,
            "bigbench_repeat_copy_logic": 0.0,
            "bigbench_qa_wikidata": 0.4952020049095154,
            "bigbench_strange_stories": 0.4712643623352051,
            "bigbench_strategy_qa": 0.5107033848762512,
            "bigbench_understanding_fables": 0.25925925374031067,
            "boolq": 0.4871559739112854,
            "commonsense_qa": 0.29320228099823,
            "copa": 0.6000000238418579,
            "coqa": 0.1573343425989151,
            "enterprise_pii_classification": 0.49455082416534424,
            "hellaswag": 0.40151363611221313,
            "hellaswag_zeroshot": 0.40350526571273804,
            "jeopardy": 0.03209998300299048,
            "lambada_openai": 0.3984086811542511,
            "logi_qa": 0.23502303659915924,
            "math_qa": 0.2504190504550934,
            "mmlu": 0.2351023633229105,
            "mmlu_zeroshot": 0.23154661739081667,
            "openbook_qa": 0.3100000023841858,
            "piqa": 0.6898803114891052,
            "pubmed_qa_labeled": 0.4560000002384186,
            "simple_arithmetic_nospaces": 0.0020000000949949026,
            "simple_arithmetic_withspaces": 0.0020000000949949026,
            "siqa": 0.48157626390457153,
            "squad": 0.14891201257705688,
            "winogender_mc_female": 0.550000011920929,
            "winogender_mc_male": 0.38333332538604736,
            "winograd": 0.6007326245307922,
            "winogrande": 0.530386745929718
        }
    }
}