{
    "name": "/mnt/task_runtime/dcnlp/eval/heavy",
    "uuid": "a66dd6f5-b88e-4fb6-8468-e0c0ba6fa87a",
    "model": "d=512_l=8_h=4",
    "creation_date": "2024_02_12-09_34_17",
    "eval_metrics": {
        "icl": {
            "agi_eval_lsat_ar": 0.20434781908988953,
            "agi_eval_lsat_rc": 0.24626865983009338,
            "agi_eval_lsat_lr": 0.2705882489681244,
            "agi_eval_sat_en": 0.2669903039932251,
            "arc_easy": 0.33375421166419983,
            "arc_challenge": 0.2226962447166443,
            "bbq": 0.43335921656001697,
            "bigbench_conceptual_combinations": 0.27184465527534485,
            "bigbench_conlang_translation": 0.018292682245373726,
            "bigbench_cs_algorithms": 0.36666667461395264,
            "bigbench_dyck_languages": 0.013000000268220901,
            "bigbench_elementary_math_qa": 0.26677149534225464,
            "bigbench_misconceptions": 0.4840182662010193,
            "bigbench_language_identification": 0.2556999921798706,
            "bigbench_logical_deduction": 0.2293333262205124,
            "bigbench_novel_concepts": 0.375,
            "bigbench_operators": 0.10000000149011612,
            "bigbench_repeat_copy_logic": 0.0,
            "bigbench_qa_wikidata": 0.10368584096431732,
            "bigbench_strange_stories": 0.4482758641242981,
            "bigbench_strategy_qa": 0.49235475063323975,
            "bigbench_understanding_fables": 0.25925925374031067,
            "boolq": 0.6067278385162354,
            "commonsense_qa": 0.3013922870159149,
            "copa": 0.44999998807907104,
            "coqa": 0.044344231486320496,
            "enterprise_pii_classification": 0.4865979254245758,
            "hellaswag": 0.268074095249176,
            "hellaswag_zeroshot": 0.2661820352077484,
            "jeopardy": 0.0005361930467188359,
            "lambada_openai": 0.19076266884803772,
            "logi_qa": 0.25038403272628784,
            "math_qa": 0.24874287843704224,
            "mmlu": 0.243327855540995,
            "mmlu_zeroshot": 0.2311098831787444,
            "openbook_qa": 0.24799999594688416,
            "piqa": 0.5892274379730225,
            "pubmed_qa_labeled": 0.45500001311302185,
            "simple_arithmetic_nospaces": 0.004000000189989805,
            "simple_arithmetic_withspaces": 0.004999999888241291,
            "siqa": 0.501023530960083,
            "squad": 0.0016083254013210535,
            "winogender_mc_female": 0.5166666507720947,
            "winogender_mc_male": 0.4333333373069763,
            "winograd": 0.5091575384140015,
            "winogrande": 0.5130228996276855
        }
    }
}