{
    "name": "/mnt/task_runtime/dcnlp/eval/heavy",
    "uuid": "31652b0f-077f-4075-813e-7d858c3d09f1",
    "model": "d=512_l=8_h=4",
    "creation_date": "2024_01_29-13_16_29",
    "eval_metrics": {
        "icl": {
            "agi_eval_lsat_ar": 0.186956524848938,
            "agi_eval_lsat_rc": 0.2761194109916687,
            "agi_eval_lsat_lr": 0.2823529541492462,
            "agi_eval_sat_en": 0.27184465527534485,
            "arc_easy": 0.37962964177131653,
            "arc_challenge": 0.21928328275680542,
            "bbq": 0.47753912752324884,
            "bigbench_conceptual_combinations": 0.28155338764190674,
            "bigbench_conlang_translation": 0.012195121496915817,
            "bigbench_cs_algorithms": 0.44621211290359497,
            "bigbench_dyck_languages": 0.11900000274181366,
            "bigbench_elementary_math_qa": 0.2569182515144348,
            "bigbench_misconceptions": 0.4337899684906006,
            "bigbench_language_identification": 0.2540000081062317,
            "bigbench_logical_deduction": 0.2639999985694885,
            "bigbench_novel_concepts": 0.40625,
            "bigbench_operators": 0.10952381044626236,
            "bigbench_repeat_copy_logic": 0.0,
            "bigbench_qa_wikidata": 0.2721814811229706,
            "bigbench_strange_stories": 0.4367816150188446,
            "bigbench_strategy_qa": 0.4897335171699524,
            "bigbench_understanding_fables": 0.21693122386932373,
            "boolq": 0.5483180284500122,
            "commonsense_qa": 0.3054873049259186,
            "copa": 0.5799999833106995,
            "coqa": 0.06463735550642014,
            "enterprise_pii_classification": 0.4936671555042267,
            "hellaswag": 0.28251343965530396,
            "hellaswag_zeroshot": 0.2802230715751648,
            "jeopardy": 0.0009563611354678869,
            "lambada_openai": 0.26470017433166504,
            "logi_qa": 0.21966205537319183,
            "math_qa": 0.23533356189727783,
            "mmlu": 0.24470669893841995,
            "mmlu_zeroshot": 0.23192441071334638,
            "openbook_qa": 0.27399998903274536,
            "piqa": 0.5908596515655518,
            "pubmed_qa_labeled": 0.5180000066757202,
            "simple_arithmetic_nospaces": 0.0020000000949949026,
            "simple_arithmetic_withspaces": 0.0020000000949949026,
            "siqa": 0.4984646737575531,
            "squad": 0.009082308039069176,
            "winogender_mc_female": 0.4166666567325592,
            "winogender_mc_male": 0.46666666865348816,
            "winograd": 0.5457875728607178,
            "winogrande": 0.507498025894165
        }
    }
}