{
    "name": "/mnt/task_runtime/dcnlp/eval/heavy",
    "uuid": "017513b9-50d0-439a-a7f7-106b11498507",
    "model": "d=576_l=24_h=8",
    "creation_date": "2024_01_29-15_34_24",
    "eval_metrics": {
        "icl": {
            "agi_eval_lsat_ar": 0.25652173161506653,
            "agi_eval_lsat_rc": 0.23880596458911896,
            "agi_eval_lsat_lr": 0.25294119119644165,
            "agi_eval_sat_en": 0.21359223127365112,
            "arc_easy": 0.4343434274196625,
            "arc_challenge": 0.22184300422668457,
            "bbq": 0.4877252361991189,
            "bigbench_conceptual_combinations": 0.21359223127365112,
            "bigbench_conlang_translation": 0.018292682245373726,
            "bigbench_cs_algorithms": 0.405303031206131,
            "bigbench_dyck_languages": 0.1599999964237213,
            "bigbench_elementary_math_qa": 0.2506551444530487,
            "bigbench_misconceptions": 0.47031962871551514,
            "bigbench_language_identification": 0.25360000133514404,
            "bigbench_logical_deduction": 0.2540000081062317,
            "bigbench_novel_concepts": 0.3125,
            "bigbench_operators": 0.13809524476528168,
            "bigbench_repeat_copy_logic": 0.03125,
            "bigbench_qa_wikidata": 0.4225185811519623,
            "bigbench_strange_stories": 0.5,
            "bigbench_strategy_qa": 0.49060726165771484,
            "bigbench_understanding_fables": 0.2539682686328888,
            "boolq": 0.623547375202179,
            "commonsense_qa": 0.2841932773590088,
            "copa": 0.5899999737739563,
            "coqa": 0.12163347005844116,
            "enterprise_pii_classification": 0.496023565530777,
            "hellaswag": 0.315375417470932,
            "hellaswag_zeroshot": 0.31627166271209717,
            "jeopardy": 0.004709712462499738,
            "lambada_openai": 0.35920822620391846,
            "logi_qa": 0.23502303659915924,
            "math_qa": 0.25812938809394836,
            "mmlu": 0.24026026380689522,
            "mmlu_zeroshot": 0.2297307537835941,
            "openbook_qa": 0.30000001192092896,
            "piqa": 0.6224156618118286,
            "pubmed_qa_labeled": 0.5479999780654907,
            "simple_arithmetic_nospaces": 0.0010000000474974513,
            "simple_arithmetic_withspaces": 0.0020000000949949026,
            "siqa": 0.4959058463573456,
            "squad": 0.07218542695045471,
            "winogender_mc_female": 0.44999998807907104,
            "winogender_mc_male": 0.44999998807907104,
            "winograd": 0.5714285969734192,
            "winogrande": 0.5059195160865784
        }
    }
}