{
    "name": "/mnt/task_runtime/dcnlp/eval/heavy",
    "uuid": "3a6a362e-89a9-4a54-99af-1b46a49a8e73",
    "model": "d=96_l=8_h=4",
    "creation_date": "2024_01_29-19_59_47",
    "eval_metrics": {
        "icl": {
            "agi_eval_lsat_ar": 0.22608695924282074,
            "agi_eval_lsat_rc": 0.2761194109916687,
            "agi_eval_lsat_lr": 0.2666666805744171,
            "agi_eval_sat_en": 0.3009708821773529,
            "arc_easy": 0.2765151560306549,
            "arc_challenge": 0.19795222580432892,
            "bbq": 0.42157468470660125,
            "bigbench_conceptual_combinations": 0.27184465527534485,
            "bigbench_conlang_translation": 0.0,
            "bigbench_cs_algorithms": 0.005303030367940664,
            "bigbench_dyck_languages": 0.0020000000949949026,
            "bigbench_elementary_math_qa": 0.2748689651489258,
            "bigbench_misconceptions": 0.5251141786575317,
            "bigbench_language_identification": 0.23690000176429749,
            "bigbench_logical_deduction": 0.257999986410141,
            "bigbench_novel_concepts": 0.25,
            "bigbench_operators": 0.09047619253396988,
            "bigbench_repeat_copy_logic": 0.0,
            "bigbench_qa_wikidata": 0.0,
            "bigbench_strange_stories": 0.48275861144065857,
            "bigbench_strategy_qa": 0.4775010943412781,
            "bigbench_understanding_fables": 0.27513226866722107,
            "boolq": 0.398470938205719,
            "commonsense_qa": 0.2383292317390442,
            "copa": 0.4699999988079071,
            "coqa": 0.005261179991066456,
            "enterprise_pii_classification": 0.5113402009010315,
            "hellaswag": 0.2429794818162918,
            "hellaswag_zeroshot": 0.24337781965732574,
            "jeopardy": 0.0005361930467188359,
            "lambada_openai": 0.0017465554410591722,
            "logi_qa": 0.20430107414722443,
            "math_qa": 0.24941334128379822,
            "mmlu": 0.23224009142110222,
            "mmlu_zeroshot": 0.23202137152353922,
            "openbook_qa": 0.23600000143051147,
            "piqa": 0.5478781461715698,
            "pubmed_qa_labeled": 0.0,
            "simple_arithmetic_nospaces": 0.007000000216066837,
            "simple_arithmetic_withspaces": 0.004999999888241291,
            "siqa": 0.48413512110710144,
            "squad": 9.460737783228979e-05,
            "winogender_mc_female": 0.5,
            "winogender_mc_male": 0.550000011920929,
            "winograd": 0.49450549483299255,
            "winogrande": 0.5067087411880493
        }
    }
}